<?xml version="1.0" encoding="UTF-8"?><CodeSystem xmlns="http://hl7.org/fhir"><id value="EndpointTypeCS"/><text><status value="generated"/><div xmlns="http://www.w3.org/1999/xhtml"><p>This code system <code>http://hl7.org/fhir/us/ndh/CodeSystem/EndpointTypeCS</code> defines the following codes:</p><table class="codes"><tr><td style="white-space:nowrap"><b>Code</b></td><td><b>Display</b></td></tr><tr><td style="white-space:nowrap">FHIR<a name="EndpointTypeCS-FHIR"> </a></td><td>FHIR Server</td></tr><tr><td style="white-space:nowrap">OpEndpoint<a name="EndpointTypeCS-OpEndpoint"> </a></td><td>Operation Endpoint</td></tr><tr><td style="white-space:nowrap">CDS<a name="EndpointTypeCS-CDS"> </a></td><td>CDS Hooks</td></tr></table></div></text><url value="http://hl7.org/fhir/us/ndh/CodeSystem/EndpointTypeCS"/><version value="1.0.0"/><name value="EndpointTypeCS"/><title value="Endpoint Type Code System"/><status value="active"/><experimental value="false"/><date value="2022-10-31T22:12:57-04:00"/><publisher value="HL7 International - Patient Administration Work Group"/><contact><name value="HL7 International - Patient Administration Work Group"/><telecom><system value="url"/><value value="http://hl7.org/Special/committees/pafm"/></telecom><telecom><system value="email"/><value value="pafm@lists.hl7.org"/></telecom></contact><description value="Endpoint Type"/><jurisdiction><coding><system value="urn:iso:std:iso:3166"/><code value="US"/><display value="United States of America"/></coding></jurisdiction><caseSensitive value="true"/><content value="complete"/><count value="3"/><concept><code value="FHIR"/><display value="FHIR Server"/></concept><concept><code value="OpEndpoint"/><display value="Operation Endpoint"/></concept><concept><code value="CDS"/><display value="CDS Hooks"/></concept></CodeSystem>