<?xml version="1.0" encoding="UTF-8"?><SearchParameter xmlns="http://hl7.org/fhir"><id value="sp-locaion-physical-type"/><url value="http://hl7.org/fhir/us/ndh/SearchParameter/sp-locaion-physical-type"/><version value="1.0.0"/><name value="Location-physical-type"/><status value="active"/><date value="2022-10-31T22:12:57-04:00"/><publisher value="HL7 International - Patient Administration Work Group"/><contact><name value="HL7 International - Patient Administration Work Group"/><telecom><system value="url"/><value value="http://hl7.org/Special/committees/pafm"/></telecom><telecom><system value="email"/><value value="pafm@lists.hl7.org"/></telecom></contact><description value="Select Locations of the specified physical type"/><jurisdiction><coding><system value="urn:iso:std:iso:3166"/><code value="US"/><display value="United States of America"/></coding></jurisdiction><code value="physical-type"/><base value="Location"/><type value="token"/><expression value="Location.physicalType"/><multipleOr value="true"/><multipleAnd value="true"/><modifier value="text"/></SearchParameter>