<?xml version="1.0" encoding="UTF-8"?><SearchParameter xmlns="http://hl7.org/fhir"><id value="sp-practitioner-qualification-code"/><url value="http://hl7.org/fhir/us/ndh/SearchParameter/sp-practitioner-qualification-code"/><version value="1.0.0"/><name value="Practitioner-qualification-code"/><status value="active"/><date value="2022-10-31T22:12:57-04:00"/><publisher value="HL7 International - Patient Administration Work Group"/><contact><name value="HL7 International - Patient Administration Work Group"/><telecom><system value="url"/><value value="http://hl7.org/Special/committees/pafm"/></telecom><telecom><system value="email"/><value value="pafm@lists.hl7.org"/></telecom></contact><description value="Select Practitioner with a type of qualification matching the specific code"/><jurisdiction><coding><system value="urn:iso:std:iso:3166"/><code value="US"/><display value="United States of America"/></coding></jurisdiction><code value="qualification-code"/><base value="Practitioner"/><type value="token"/><expression value="Practitioner.qualification.code"/><multipleOr value="true"/><multipleAnd value="true"/><modifier value="text"/></SearchParameter>