<?xml version="1.0" encoding="UTF-8"?><SearchParameter xmlns="http://hl7.org/fhir"><id value="sp-verificationresult-primarysource-who"/><url value="http://hl7.org/fhir/us/ndh/SearchParameter/sp-verificationresult-primarysource-who"/><version value="1.0.0"/><name value="VerificationResult-primarysource-who"/><status value="active"/><date value="2022-11-04T11:24:16-04:00"/><publisher value="HL7 International - Patient Administration Work Group"/><contact><name value="HL7 International - Patient Administration Work Group"/><telecom><system value="url"/><value value="http://hl7.org/Special/committees/pafm"/></telecom><telecom><system value="email"/><value value="pafm@lists.hl7.org"/></telecom></contact><description value="Select verification information for data that was verified against the specified primary source"/><jurisdiction><coding><system value="urn:iso:std:iso:3166"/><code value="US"/><display value="United States of America"/></coding></jurisdiction><code value="verificationresult-primarysource-who"/><base value="VerificationResult"/><type value="reference"/><expression value="VerificationResult.primarysource.who"/><target value="Practitioner"/><target value="PractitionerRole"/><target value="Organization"/><multipleOr value="true"/><multipleAnd value="true"/><modifier value="type"/><chain value="organization-identifier"/><chain value="organization-address"/><chain value="organization-name"/><chain value="organization-partof"/><chain value="practitioner-name"/><chain value="practitioner-identifier"/><chain value="practitionerrole-identifier"/><chain value="practitionerrole-practitioner"/><chain value="practitionerrole-organization"/></SearchParameter>