<?xml version="1.0" encoding="UTF-8"?><SearchParameter xmlns="http://hl7.org/fhir"><id value="sp-endpoint-usecase-type"/><url value="http://hl7.org/fhir/us/ndh/SearchParameter/sp-endpoint-usecase-type"/><version value="1.0.0"/><name value="Endpoint-usecase-type"/><status value="active"/><date value="2022-10-31T22:12:57-04:00"/><publisher value="HL7 International - Patient Administration Work Group"/><contact><name value="HL7 International - Patient Administration Work Group"/><telecom><system value="url"/><value value="http://hl7.org/Special/committees/pafm"/></telecom><telecom><system value="email"/><value value="pafm@lists.hl7.org"/></telecom></contact><description value="Select Endpoints that support the type of services indicated by the specified usecase-type"/><jurisdiction><coding><system value="urn:iso:std:iso:3166"/><code value="US"/><display value="United States of America"/></coding></jurisdiction><code value="usecase-type"/><base value="Endpoint"/><type value="token"/><expression value="Endpoint.extension('http://hl7.org/fhir/us/ndh/StructureDefinition/base-ext-endpoint-usecase').extention('type')"/><multipleOr value="true"/><multipleAnd value="true"/><modifier value="text"/></SearchParameter>