<?xml version="1.0" encoding="UTF-8"?><SearchParameter xmlns="http://hl7.org/fhir"><id value="sp-verificationresult-attestation-who"/><url value="http://hl7.org/fhir/us/ndh/SearchParameter/sp-verificationresult-attestation-who"/><version value="1.0.0"/><name value="VerificationResult-attestation-who"/><status value="active"/><date value="2022-10-31T22:12:57-04:00"/><publisher value="HL7 International - Patient Administration Work Group"/><contact><name value="HL7 International - Patient Administration Work Group"/><telecom><system value="url"/><value value="http://hl7.org/Special/committees/pafm"/></telecom><telecom><system value="email"/><value value="pafm@lists.hl7.org"/></telecom></contact><description value="Select validation information for data that was attested to by the specified individual or organization"/><jurisdiction><coding><system value="urn:iso:std:iso:3166"/><code value="US"/><display value="United States of America"/></coding></jurisdiction><code value="verificationresult-attestation-who"/><base value="VerificationResult"/><type value="reference"/><expression value="VerificationResult.attestation.who"/><target value="Practitioner"/><target value="PractitionerRole"/><target value="Organization"/><multipleOr value="true"/><multipleAnd value="true"/><modifier value="type"/><chain value="organization-identifier"/><chain value="organization-address"/><chain value="organization-name"/><chain value="organization-partof"/><chain value="practitioner-name"/><chain value="practitioner-identifier"/><chain value="practitionerrole-identifier"/><chain value="practitionerrole-practitioner"/><chain value="practitionerrole-organization"/></SearchParameter>