<?xml version="1.0" encoding="UTF-8"?><SearchParameter xmlns="http://hl7.org/fhir"><id value="sp-endpoint-mime-type"/><url value="http://hl7.org/fhir/us/ndh/SearchParameter/sp-endpoint-mime-type"/><version value="1.0.0"/><name value="Endpoint-mine-type"/><status value="active"/><date value="2022-11-04T11:24:16-04:00"/><publisher value="HL7 International - Patient Administration Work Group"/><contact><name value="HL7 International - Patient Administration Work Group"/><telecom><system value="url"/><value value="http://hl7.org/Special/committees/pafm"/></telecom><telecom><system value="email"/><value value="pafm@lists.hl7.org"/></telecom></contact><description value="Select Endpoints that support the specified mime-type"/><jurisdiction><coding><system value="urn:iso:std:iso:3166"/><code value="US"/><display value="United States of America"/></coding></jurisdiction><code value="mime-type"/><base value="Endpoint"/><type value="token"/><expression value="Endpoint.payloadMimeType"/><multipleOr value="true"/><multipleAnd value="true"/></SearchParameter>