<?xml version="1.0" encoding="UTF-8"?><SearchParameter xmlns="http://hl7.org/fhir"><id value="sp-network-coverage-area"/><url value="http://hl7.org/fhir/us/ndh/SearchParameter/sp-network-coverage-area"/><version value="1.0.0"/><name value="Network-coverage-area"/><status value="active"/><date value="2022-11-04T11:24:16-04:00"/><publisher value="HL7 International - Patient Administration Work Group"/><contact><name value="HL7 International - Patient Administration Work Group"/><telecom><system value="url"/><value value="http://hl7.org/Special/committees/pafm"/></telecom><telecom><system value="email"/><value value="pafm@lists.hl7.org"/></telecom></contact><description value="Select health insurance provider networks available in a regin described by the specified location"/><jurisdiction><coding><system value="urn:iso:std:iso:3166"/><code value="US"/><display value="United States of America"/></coding></jurisdiction><code value="service"/><base value="Organization"/><type value="reference"/><expression value="Organization.extension('http://hl7.org/fhir/us/ndh/StructureDefinition/location-reference')"/><target value="Location"/><multipleOr value="true"/><multipleAnd value="true"/><chain value="location-identifier"/><chain value="location-contains"/></SearchParameter>