<?xml version="1.0" encoding="UTF-8"?><ValueSet xmlns="http://hl7.org/fhir"><id value="NonIndividualSpecialtiesVS"/><text><status value="generated"/><div xmlns="http://www.w3.org/1999/xhtml"><ul><li>Include these codes as defined in <code>http://nucc.org/provider-taxonomy</code><table class="none"><tr><td style="white-space:nowrap"><b>Code</b></td><td><b>Display</b></td></tr><tr><td>251300000X</td><td>Local Education Agency (LEA)</td></tr><tr><td>251B00000X</td><td>Case Management Agency</td></tr><tr><td>251C00000X</td><td>Developmentally Disabled Services Day Training Agency</td></tr><tr><td>251E00000X</td><td>Home Health Agency</td></tr><tr><td>251F00000X</td><td>Home Infusion Agency</td></tr><tr><td>251G00000X</td><td>Community Based Hospice Care Agency</td></tr><tr><td>251J00000X</td><td>Nursing Care Agency</td></tr><tr><td>251K00000X</td><td>Public Health or Welfare Agency</td></tr><tr><td>251S00000X</td><td>Community/Behavioral Health Agency</td></tr><tr><td>251T00000X</td><td>PACE Provider Organization</td></tr><tr><td>251V00000X</td><td>Voluntary or Charitable Agency</td></tr><tr><td>251X00000X</td><td>Supports Brokerage Agency</td></tr><tr><td>252Y00000X</td><td>Early Intervention Provider Agency</td></tr><tr><td>253J00000X</td><td>Foster Care Agency</td></tr><tr><td>253Z00000X</td><td>In Home Supportive Care Agency</td></tr><tr><td>261Q00000X</td><td>Clinic/Center</td></tr><tr><td>261QA0005X</td><td>Ambulatory Family Planning Facility</td></tr><tr><td>261QA0006X</td><td>Ambulatory Fertility Facility</td></tr><tr><td>261QA0600X</td><td>Adult Day Care Clinic/Center</td></tr><tr><td>261QA0900X</td><td>Amputee Clinic/Center</td></tr><tr><td>261QA1903X</td><td>Ambulatory Surgical Clinic/Center</td></tr><tr><td>261QA3000X</td><td>Augmentative Communication Clinic/Center</td></tr><tr><td>261QB0400X</td><td>Birthing Clinic/Center</td></tr><tr><td>261QC0050X</td><td>Critical Access Hospital Clinic/Center</td></tr><tr><td>261QC1500X</td><td>Community Health Clinic/Center</td></tr><tr><td>261QC1800X</td><td>Corporate Health Clinic/Center</td></tr><tr><td>261QD0000X</td><td>Dental Clinic/Center</td></tr><tr><td>261QD1600X</td><td>Developmental Disabilities Clinic/Center</td></tr><tr><td>261QE0002X</td><td>Emergency Care Clinic/Center</td></tr><tr><td>261QE0700X</td><td>End-Stage Renal Disease (ESRD) Treatment Clinic/Center</td></tr><tr><td>261QE0800X</td><td>Endoscopy Clinic/Center</td></tr><tr><td>261QF0050X</td><td>Non-Surgical Family Planning Clinic/Center</td></tr><tr><td>261QF0400X</td><td>Federally Qualified Health Center (FQHC)</td></tr><tr><td>261QG0250X</td><td>Genetics Clinic/Center</td></tr><tr><td>261QH0100X</td><td>Health Service Clinic/Center</td></tr><tr><td>261QH0700X</td><td>Hearing and Speech Clinic/Center</td></tr><tr><td>261QI0500X</td><td>Infusion Therapy Clinic/Center</td></tr><tr><td>261QL0400X</td><td>Lithotripsy Clinic/Center</td></tr><tr><td>261QM0801X</td><td>Mental Health Clinic/Center (Including Community Mental Health Center)</td></tr><tr><td>261QM0850X</td><td>Adult Mental Health Clinic/Center</td></tr><tr><td>261QM0855X</td><td>Adolescent and Children Mental Health Clinic/Center</td></tr><tr><td>261QM1000X</td><td>Migrant Health Clinic/Center</td></tr><tr><td>261QM1100X</td><td>Military/U.S. Coast Guard Outpatient Clinic/Center</td></tr><tr><td>261QM1101X</td><td>Military and U.S. Coast Guard Ambulatory Procedure Clinic/Center</td></tr><tr><td>261QM1102X</td><td>Military Outpatient Operational (Transportable) Component Clinic/Center</td></tr><tr><td>261QM1103X</td><td>Military Ambulatory Procedure Visits Operational (Transportable) Clinic/Center</td></tr><tr><td>261QM1200X</td><td>Magnetic Resonance Imaging (MRI) Clinic/Center</td></tr><tr><td>261QM1300X</td><td>Multi-Specialty Clinic/Center</td></tr><tr><td>261QM2500X</td><td>Medical Specialty Clinic/Center</td></tr><tr><td>261QM2800X</td><td>Methadone Clinic</td></tr><tr><td>261QM3000X</td><td>Medically Fragile Infants and Children Day Care</td></tr><tr><td>261QP0904X</td><td>Federal Public Health Clinic/Center</td></tr><tr><td>261QP0905X</td><td>State or Local Public Health Clinic/Center</td></tr><tr><td>261QP1100X</td><td>Podiatric Clinic/Center</td></tr><tr><td>261QP2000X</td><td>Physical Therapy Clinic/Center</td></tr><tr><td>261QP2300X</td><td>Primary Care Clinic/Center</td></tr><tr><td>261QP2400X</td><td>Prison Health Clinic/Center</td></tr><tr><td>261QP3300X</td><td>Pain Clinic/Center</td></tr><tr><td>261QR0200X</td><td>Radiology Clinic/Center</td></tr><tr><td>261QR0206X</td><td>Mammography Clinic/Center</td></tr><tr><td>261QR0207X</td><td>Mobile Mammography Clinic/Center</td></tr><tr><td>261QR0208X</td><td>Mobile Radiology Clinic/Center</td></tr><tr><td>261QR0400X</td><td>Rehabilitation Clinic/Center</td></tr><tr><td>261QR0401X</td><td>Comprehensive Outpatient Rehabilitation Facility (CORF)</td></tr><tr><td>261QR0404X</td><td>Cardiac Rehabilitation Clinic/Center</td></tr><tr><td>261QR0405X</td><td>Substance Use Disorder Rehabilitation Clinic/Center</td></tr><tr><td>261QR0800X</td><td>Recovery Care Clinic/Center</td></tr><tr><td>261QR1100X</td><td>Research Clinic/Center</td></tr><tr><td>261QR1300X</td><td>Rural Health Clinic/Center</td></tr><tr><td>261QS0112X</td><td>Oral and Maxillofacial Surgery Clinic/Center</td></tr><tr><td>261QS0132X</td><td>Ophthalmologic Surgery Clinic/Center</td></tr><tr><td>261QS1000X</td><td>Student Health Clinic/Center</td></tr><tr><td>261QS1200X</td><td>Sleep Disorder Diagnostic Clinic/Center</td></tr><tr><td>261QU0200X</td><td>Urgent Care Clinic/Center</td></tr><tr><td>261QV0200X</td><td>VA Clinic/Center</td></tr><tr><td>261QX0100X</td><td>Occupational Medicine Clinic/Center</td></tr><tr><td>261QX0200X</td><td>Oncology Clinic/Center</td></tr><tr><td>261QX0203X</td><td>Radiation Oncology Clinic/Center</td></tr><tr><td>273100000X</td><td>Epilepsy Hospital Unit</td></tr><tr><td>273R00000X</td><td>Psychiatric Hospital Unit</td></tr><tr><td>273Y00000X</td><td>Rehabilitation Hospital Unit</td></tr><tr><td>275N00000X</td><td>Medicare Defined Swing Bed Hospital Unit</td></tr><tr><td>276400000X</td><td>Substance Use Disorder Rehabilitation Hospital Unit</td></tr><tr><td>281P00000X</td><td>Chronic Disease Hospital</td></tr><tr><td>281PC2000X</td><td>Children' s Chronic Disease Hospital</td></tr><tr><td>282E00000X</td><td>Long Term Care Hospital</td></tr><tr><td>282J00000X</td><td>Religious Nonmedical Health Care Institution</td></tr><tr><td>282N00000X</td><td>General Acute Care Hospital</td></tr><tr><td>282NC0060X</td><td>Critical Access Hospital</td></tr><tr><td>282NC2000X</td><td>Children's Hospital</td></tr><tr><td>282NR1301X</td><td>Rural Acute Care Hospital</td></tr><tr><td>282NW0100X</td><td>Women's Hospital</td></tr><tr><td>283Q00000X</td><td>Psychiatric Hospital</td></tr><tr><td>283X00000X</td><td>Rehabilitation Hospital</td></tr><tr><td>283XC2000X</td><td>Children's Rehabilitation Hospital</td></tr><tr><td>284300000X</td><td>Special Hospital</td></tr><tr><td>286500000X</td><td>Military Hospital</td></tr><tr><td>2865M2000X</td><td>Military General Acute Care Hospital</td></tr><tr><td>2865X1600X</td><td>Operational (Transportable) Military General Acute Care Hospital</td></tr><tr><td>291900000X</td><td>Military Clinical Medical Laboratory</td></tr><tr><td>291U00000X</td><td>Clinical Medical Laboratory</td></tr><tr><td>292200000X</td><td>Dental Laboratory</td></tr><tr><td>293D00000X</td><td>Physiological Laboratory</td></tr><tr><td>302F00000X</td><td>Exclusive Provider Organization</td></tr><tr><td>302R00000X</td><td>Health Maintenance Organization</td></tr><tr><td>305R00000X</td><td>Preferred Provider Organization</td></tr><tr><td>305S00000X</td><td>Point of Service</td></tr><tr><td>310400000X</td><td>Assisted Living Facility</td></tr><tr><td>3104A0625X</td><td>Assisted Living Facility (Mental Illness)</td></tr><tr><td>3104A0630X</td><td>Assisted Living Facility (Behavioral Disturbances)</td></tr><tr><td>310500000X</td><td>Mental Illness Intermediate Care Facility</td></tr><tr><td>311500000X</td><td>Alzheimer Center (Dementia Center)</td></tr><tr><td>311Z00000X</td><td>Custodial Care Facility</td></tr><tr><td>311ZA0620X</td><td>Adult Care Home Facility</td></tr><tr><td>313M00000X</td><td>Nursing Facility/Intermediate Care Facility</td></tr><tr><td>314000000X</td><td>Skilled Nursing Facility</td></tr><tr><td>3140N1450X</td><td>Pediatric Skilled Nursing Facility</td></tr><tr><td>315D00000X</td><td>Inpatient Hospice</td></tr><tr><td>315P00000X</td><td>Intellectual Disabilities Intermediate Care Facility</td></tr><tr><td>174200000X</td><td>Meals Provider</td></tr><tr><td>177F00000X</td><td>Lodging Provider</td></tr><tr><td>320600000X</td><td>Intellectual and/or Developmental Disabilities Residential Treatment Facility</td></tr><tr><td>320700000X</td><td>Physical Disabilities Residential Treatment Facility</td></tr><tr><td>320800000X</td><td>Mental Illness Community Based Residential Treatment Facility</td></tr><tr><td>320900000X</td><td>Intellectual and/or Developmental Disabilities Community Based Residential Treatment Facility</td></tr><tr><td>322D00000X</td><td>Emotionally Disturbed Childrens' Residential Treatment Facility</td></tr><tr><td>323P00000X</td><td>Psychiatric Residential Treatment Facility</td></tr><tr><td>324500000X</td><td>Substance Abuse Rehabilitation Facility</td></tr><tr><td>3245S0500X</td><td>Children's Substance Abuse Rehabilitation Facility</td></tr><tr><td>385H00000X</td><td>Respite Care</td></tr><tr><td>385HR2050X</td><td>Respite Care Camp</td></tr><tr><td>385HR2055X</td><td>Child Mental Illness Respite Care</td></tr><tr><td>385HR2060X</td><td>Child Intellectual and/or Developmental Disabilities Respite Care</td></tr><tr><td>385HR2065X</td><td>Child Physical Disabilities Respite Care</td></tr><tr><td>331L00000X</td><td>Blood Bank</td></tr><tr><td>332000000X</td><td>Military/U.S. Coast Guard Pharmacy</td></tr><tr><td>332100000X</td><td>Department of Veterans Affairs (VA) Pharmacy</td></tr><tr><td>332800000X</td><td>Indian Health Service/Tribal/Urban Indian Health (I/T/U) Pharmacy</td></tr><tr><td>332900000X</td><td>Non-Pharmacy Dispensing Site</td></tr><tr><td>332B00000X</td><td>Durable Medical Equipment &amp; Medical Supplies</td></tr><tr><td>332BC3200X</td><td>Customized Equipment (DME)</td></tr><tr><td>332BD1200X</td><td>Dialysis Equipment &amp; Supplies (DME)</td></tr><tr><td>332BN1400X</td><td>Nursing Facility Supplies (DME)</td></tr><tr><td>332BP3500X</td><td>Parenteral &amp; Enteral Nutrition Supplies (DME)</td></tr><tr><td>332BX2000X</td><td>Oxygen Equipment &amp; Supplies (DME)</td></tr><tr><td>332G00000X</td><td>Eye Bank</td></tr><tr><td>332H00000X</td><td>Eyewear Supplier</td></tr><tr><td>332S00000X</td><td>Hearing Aid Equipment</td></tr><tr><td>332U00000X</td><td>Home Delivered Meals</td></tr><tr><td>333300000X</td><td>Emergency Response System Companies</td></tr><tr><td>333600000X</td><td>Pharmacy</td></tr><tr><td>3336C0002X</td><td>Clinic Pharmacy</td></tr><tr><td>3336C0003X</td><td>Community/Retail Pharmacy</td></tr><tr><td>3336C0004X</td><td>Compounding Pharmacy</td></tr><tr><td>3336H0001X</td><td>Home Infusion Therapy Pharmacy</td></tr><tr><td>3336I0012X</td><td>Institutional Pharmacy</td></tr><tr><td>3336L0003X</td><td>Long Term Care Pharmacy</td></tr><tr><td>3336M0002X</td><td>Mail Order Pharmacy</td></tr><tr><td>3336M0003X</td><td>Managed Care Organization Pharmacy</td></tr><tr><td>3336N0007X</td><td>Nuclear Pharmacy</td></tr><tr><td>3336S0011X</td><td>Specialty Pharmacy</td></tr><tr><td>335E00000X</td><td>Prosthetic/Orthotic Supplier</td></tr><tr><td>335G00000X</td><td>Medical Foods Supplier</td></tr><tr><td>335U00000X</td><td>Organ Procurement Organization</td></tr><tr><td>335V00000X</td><td>Portable X-ray and/or Other Portable Diagnostic Imaging Supplier</td></tr><tr><td>341600000X</td><td>Ambulance</td></tr><tr><td>3416A0800X</td><td>Air Ambulance</td></tr><tr><td>3416L0300X</td><td>Land Ambulance</td></tr><tr><td>3416S0300X</td><td>Water Ambulance</td></tr><tr><td>341800000X</td><td>Military/U.S. Coast Guard Transport,</td></tr><tr><td>3418M1110X</td><td>Military or U.S. Coast Guard Ground Transport Ambulance</td></tr><tr><td>3418M1120X</td><td>Military or U.S. Coast Guard Air Transport Ambulance</td></tr><tr><td>3418M1130X</td><td>Military or U.S. Coast Guard Water Transport Ambulance</td></tr><tr><td>342000000X</td><td>Transportation Network Company</td></tr><tr><td>343800000X</td><td>Secured Medical Transport (VAN)</td></tr><tr><td>343900000X</td><td>Non-emergency Medical Transport (VAN)</td></tr><tr><td>344600000X</td><td>Taxi</td></tr><tr><td>344800000X</td><td>Air Carrier</td></tr><tr><td>347B00000X</td><td>Bus</td></tr><tr><td>347C00000X</td><td>Private Vehicle</td></tr><tr><td>347D00000X</td><td>Train</td></tr><tr><td>347E00000X</td><td>Transportation Broker</td></tr></table></li></ul></div></text><url value="http://hl7.org/fhir/us/ndh/ValueSet/NonIndividualSpecialtiesVS"/><version value="1.0.0"/><name value="NonIndividualSpecialtiesVS"/><title value="Non-Individual Specialties"/><status value="active"/><experimental value="false"/><date value="2022-11-04T11:24:16-04:00"/><publisher value="HL7 International - Patient Administration Work Group"/><contact><name value="HL7 International - Patient Administration Work Group"/><telecom><system value="url"/><value value="http://hl7.org/Special/committees/pafm"/></telecom><telecom><system value="email"/><value value="pafm@lists.hl7.org"/></telecom></contact><description value="Non-Individual Specialties from National Uniform Claim Committee (NUCC) Health Care Provider Taxonomy code set."/><jurisdiction><coding><system value="urn:iso:std:iso:3166"/><code value="US"/><display value="United States of America"/></coding></jurisdiction><compose><include><system value="http://nucc.org/provider-taxonomy"/><concept><code value="251300000X"/><display value="Local Education Agency (LEA)"/></concept><concept><code value="251B00000X"/><display value="Case Management Agency"/></concept><concept><code value="251C00000X"/><display value="Developmentally Disabled Services Day Training Agency"/></concept><concept><code value="251E00000X"/><display value="Home Health Agency"/></concept><concept><code value="251F00000X"/><display value="Home Infusion Agency"/></concept><concept><code value="251G00000X"/><display value="Community Based Hospice Care Agency"/></concept><concept><code value="251J00000X"/><display value="Nursing Care Agency"/></concept><concept><code value="251K00000X"/><display value="Public Health or Welfare Agency"/></concept><concept><code value="251S00000X"/><display value="Community/Behavioral Health Agency"/></concept><concept><code value="251T00000X"/><display value="PACE Provider Organization"/></concept><concept><code value="251V00000X"/><display value="Voluntary or Charitable Agency"/></concept><concept><code value="251X00000X"/><display value="Supports Brokerage Agency"/></concept><concept><code value="252Y00000X"/><display value="Early Intervention Provider Agency"/></concept><concept><code value="253J00000X"/><display value="Foster Care Agency"/></concept><concept><code value="253Z00000X"/><display value="In Home Supportive Care Agency"/></concept><concept><code value="261Q00000X"/><display value="Clinic/Center"/></concept><concept><code value="261QA0005X"/><display value="Ambulatory Family Planning Facility"/></concept><concept><code value="261QA0006X"/><display value="Ambulatory Fertility Facility"/></concept><concept><code value="261QA0600X"/><display value="Adult Day Care Clinic/Center"/></concept><concept><code value="261QA0900X"/><display value="Amputee Clinic/Center"/></concept><concept><code value="261QA1903X"/><display value="Ambulatory Surgical Clinic/Center"/></concept><concept><code value="261QA3000X"/><display value="Augmentative Communication Clinic/Center"/></concept><concept><code value="261QB0400X"/><display value="Birthing Clinic/Center"/></concept><concept><code value="261QC0050X"/><display value="Critical Access Hospital Clinic/Center"/></concept><concept><code value="261QC1500X"/><display value="Community Health Clinic/Center"/></concept><concept><code value="261QC1800X"/><display value="Corporate Health Clinic/Center"/></concept><concept><code value="261QD0000X"/><display value="Dental Clinic/Center"/></concept><concept><code value="261QD1600X"/><display value="Developmental Disabilities Clinic/Center"/></concept><concept><code value="261QE0002X"/><display value="Emergency Care Clinic/Center"/></concept><concept><code value="261QE0700X"/><display value="End-Stage Renal Disease (ESRD) Treatment Clinic/Center"/></concept><concept><code value="261QE0800X"/><display value="Endoscopy Clinic/Center"/></concept><concept><code value="261QF0050X"/><display value="Non-Surgical Family Planning Clinic/Center"/></concept><concept><code value="261QF0400X"/><display value="Federally Qualified Health Center (FQHC)"/></concept><concept><code value="261QG0250X"/><display value="Genetics Clinic/Center"/></concept><concept><code value="261QH0100X"/><display value="Health Service Clinic/Center"/></concept><concept><code value="261QH0700X"/><display value="Hearing and Speech Clinic/Center"/></concept><concept><code value="261QI0500X"/><display value="Infusion Therapy Clinic/Center"/></concept><concept><code value="261QL0400X"/><display value="Lithotripsy Clinic/Center"/></concept><concept><code value="261QM0801X"/><display value="Mental Health Clinic/Center (Including Community Mental Health Center)"/></concept><concept><code value="261QM0850X"/><display value="Adult Mental Health Clinic/Center"/></concept><concept><code value="261QM0855X"/><display value="Adolescent and Children Mental Health Clinic/Center"/></concept><concept><code value="261QM1000X"/><display value="Migrant Health Clinic/Center"/></concept><concept><code value="261QM1100X"/><display value="Military/U.S. Coast Guard Outpatient Clinic/Center"/></concept><concept><code value="261QM1101X"/><display value="Military and U.S. Coast Guard Ambulatory Procedure Clinic/Center"/></concept><concept><code value="261QM1102X"/><display value="Military Outpatient Operational (Transportable) Component Clinic/Center"/></concept><concept><code value="261QM1103X"/><display value="Military Ambulatory Procedure Visits Operational (Transportable) Clinic/Center"/></concept><concept><code value="261QM1200X"/><display value="Magnetic Resonance Imaging (MRI) Clinic/Center"/></concept><concept><code value="261QM1300X"/><display value="Multi-Specialty Clinic/Center"/></concept><concept><code value="261QM2500X"/><display value="Medical Specialty Clinic/Center"/></concept><concept><code value="261QM2800X"/><display value="Methadone Clinic"/></concept><concept><code value="261QM3000X"/><display value="Medically Fragile Infants and Children Day Care"/></concept><concept><code value="261QP0904X"/><display value="Federal Public Health Clinic/Center"/></concept><concept><code value="261QP0905X"/><display value="State or Local Public Health Clinic/Center"/></concept><concept><code value="261QP1100X"/><display value="Podiatric Clinic/Center"/></concept><concept><code value="261QP2000X"/><display value="Physical Therapy Clinic/Center"/></concept><concept><code value="261QP2300X"/><display value="Primary Care Clinic/Center"/></concept><concept><code value="261QP2400X"/><display value="Prison Health Clinic/Center"/></concept><concept><code value="261QP3300X"/><display value="Pain Clinic/Center"/></concept><concept><code value="261QR0200X"/><display value="Radiology Clinic/Center"/></concept><concept><code value="261QR0206X"/><display value="Mammography Clinic/Center"/></concept><concept><code value="261QR0207X"/><display value="Mobile Mammography Clinic/Center"/></concept><concept><code value="261QR0208X"/><display value="Mobile Radiology Clinic/Center"/></concept><concept><code value="261QR0400X"/><display value="Rehabilitation Clinic/Center"/></concept><concept><code value="261QR0401X"/><display value="Comprehensive Outpatient Rehabilitation Facility (CORF)"/></concept><concept><code value="261QR0404X"/><display value="Cardiac Rehabilitation Clinic/Center"/></concept><concept><code value="261QR0405X"/><display value="Substance Use Disorder Rehabilitation Clinic/Center"/></concept><concept><code value="261QR0800X"/><display value="Recovery Care Clinic/Center"/></concept><concept><code value="261QR1100X"/><display value="Research Clinic/Center"/></concept><concept><code value="261QR1300X"/><display value="Rural Health Clinic/Center"/></concept><concept><code value="261QS0112X"/><display value="Oral and Maxillofacial Surgery Clinic/Center"/></concept><concept><code value="261QS0132X"/><display value="Ophthalmologic Surgery Clinic/Center"/></concept><concept><code value="261QS1000X"/><display value="Student Health Clinic/Center"/></concept><concept><code value="261QS1200X"/><display value="Sleep Disorder Diagnostic Clinic/Center"/></concept><concept><code value="261QU0200X"/><display value="Urgent Care Clinic/Center"/></concept><concept><code value="261QV0200X"/><display value="VA Clinic/Center"/></concept><concept><code value="261QX0100X"/><display value="Occupational Medicine Clinic/Center"/></concept><concept><code value="261QX0200X"/><display value="Oncology Clinic/Center"/></concept><concept><code value="261QX0203X"/><display value="Radiation Oncology Clinic/Center"/></concept><concept><code value="273100000X"/><display value="Epilepsy Hospital Unit"/></concept><concept><code value="273R00000X"/><display value="Psychiatric Hospital Unit"/></concept><concept><code value="273Y00000X"/><display value="Rehabilitation Hospital Unit"/></concept><concept><code value="275N00000X"/><display value="Medicare Defined Swing Bed Hospital Unit"/></concept><concept><code value="276400000X"/><display value="Substance Use Disorder Rehabilitation Hospital Unit"/></concept><concept><code value="281P00000X"/><display value="Chronic Disease Hospital"/></concept><concept><code value="281PC2000X"/><display value="Children' s Chronic Disease Hospital"/></concept><concept><code value="282E00000X"/><display value="Long Term Care Hospital"/></concept><concept><code value="282J00000X"/><display value="Religious Nonmedical Health Care Institution"/></concept><concept><code value="282N00000X"/><display value="General Acute Care Hospital"/></concept><concept><code value="282NC0060X"/><display value="Critical Access Hospital"/></concept><concept><code value="282NC2000X"/><display value="Children's Hospital"/></concept><concept><code value="282NR1301X"/><display value="Rural Acute Care Hospital"/></concept><concept><code value="282NW0100X"/><display value="Women's Hospital"/></concept><concept><code value="283Q00000X"/><display value="Psychiatric Hospital"/></concept><concept><code value="283X00000X"/><display value="Rehabilitation Hospital"/></concept><concept><code value="283XC2000X"/><display value="Children's Rehabilitation Hospital"/></concept><concept><code value="284300000X"/><display value="Special Hospital"/></concept><concept><code value="286500000X"/><display value="Military Hospital"/></concept><concept><code value="2865M2000X"/><display value="Military General Acute Care Hospital"/></concept><concept><code value="2865X1600X"/><display value="Operational (Transportable) Military General Acute Care Hospital"/></concept><concept><code value="291900000X"/><display value="Military Clinical Medical Laboratory"/></concept><concept><code value="291U00000X"/><display value="Clinical Medical Laboratory"/></concept><concept><code value="292200000X"/><display value="Dental Laboratory"/></concept><concept><code value="293D00000X"/><display value="Physiological Laboratory"/></concept><concept><code value="302F00000X"/><display value="Exclusive Provider Organization"/></concept><concept><code value="302R00000X"/><display value="Health Maintenance Organization"/></concept><concept><code value="305R00000X"/><display value="Preferred Provider Organization"/></concept><concept><code value="305S00000X"/><display value="Point of Service"/></concept><concept><code value="310400000X"/><display value="Assisted Living Facility"/></concept><concept><code value="3104A0625X"/><display value="Assisted Living Facility (Mental Illness)"/></concept><concept><code value="3104A0630X"/><display value="Assisted Living Facility (Behavioral Disturbances)"/></concept><concept><code value="310500000X"/><display value="Mental Illness Intermediate Care Facility"/></concept><concept><code value="311500000X"/><display value="Alzheimer Center (Dementia Center)"/></concept><concept><code value="311Z00000X"/><display value="Custodial Care Facility"/></concept><concept><code value="311ZA0620X"/><display value="Adult Care Home Facility"/></concept><concept><code value="313M00000X"/><display value="Nursing Facility/Intermediate Care Facility"/></concept><concept><code value="314000000X"/><display value="Skilled Nursing Facility"/></concept><concept><code value="3140N1450X"/><display value="Pediatric Skilled Nursing Facility"/></concept><concept><code value="315D00000X"/><display value="Inpatient Hospice"/></concept><concept><code value="315P00000X"/><display value="Intellectual Disabilities Intermediate Care Facility"/></concept><concept><code value="174200000X"/><display value="Meals Provider"/></concept><concept><code value="177F00000X"/><display value="Lodging Provider"/></concept><concept><code value="320600000X"/><display value="Intellectual and/or Developmental Disabilities Residential Treatment Facility"/></concept><concept><code value="320700000X"/><display value="Physical Disabilities Residential Treatment Facility"/></concept><concept><code value="320800000X"/><display value="Mental Illness Community Based Residential Treatment Facility"/></concept><concept><code value="320900000X"/><display value="Intellectual and/or Developmental Disabilities Community Based Residential Treatment Facility"/></concept><concept><code value="322D00000X"/><display value="Emotionally Disturbed Childrens' Residential Treatment Facility"/></concept><concept><code value="323P00000X"/><display value="Psychiatric Residential Treatment Facility"/></concept><concept><code value="324500000X"/><display value="Substance Abuse Rehabilitation Facility"/></concept><concept><code value="3245S0500X"/><display value="Children's Substance Abuse Rehabilitation Facility"/></concept><concept><code value="385H00000X"/><display value="Respite Care"/></concept><concept><code value="385HR2050X"/><display value="Respite Care Camp"/></concept><concept><code value="385HR2055X"/><display value="Child Mental Illness Respite Care"/></concept><concept><code value="385HR2060X"/><display value="Child Intellectual and/or Developmental Disabilities Respite Care"/></concept><concept><code value="385HR2065X"/><display value="Child Physical Disabilities Respite Care"/></concept><concept><code value="331L00000X"/><display value="Blood Bank"/></concept><concept><code value="332000000X"/><display value="Military/U.S. Coast Guard Pharmacy"/></concept><concept><code value="332100000X"/><display value="Department of Veterans Affairs (VA) Pharmacy"/></concept><concept><code value="332800000X"/><display value="Indian Health Service/Tribal/Urban Indian Health (I/T/U) Pharmacy"/></concept><concept><code value="332900000X"/><display value="Non-Pharmacy Dispensing Site"/></concept><concept><code value="332B00000X"/><display value="Durable Medical Equipment &amp; Medical Supplies"/></concept><concept><code value="332BC3200X"/><display value="Customized Equipment (DME)"/></concept><concept><code value="332BD1200X"/><display value="Dialysis Equipment &amp; Supplies (DME)"/></concept><concept><code value="332BN1400X"/><display value="Nursing Facility Supplies (DME)"/></concept><concept><code value="332BP3500X"/><display value="Parenteral &amp; Enteral Nutrition Supplies (DME)"/></concept><concept><code value="332BX2000X"/><display value="Oxygen Equipment &amp; Supplies (DME)"/></concept><concept><code value="332G00000X"/><display value="Eye Bank"/></concept><concept><code value="332H00000X"/><display value="Eyewear Supplier"/></concept><concept><code value="332S00000X"/><display value="Hearing Aid Equipment"/></concept><concept><code value="332U00000X"/><display value="Home Delivered Meals"/></concept><concept><code value="333300000X"/><display value="Emergency Response System Companies"/></concept><concept><code value="333600000X"/><display value="Pharmacy"/></concept><concept><code value="3336C0002X"/><display value="Clinic Pharmacy"/></concept><concept><code value="3336C0003X"/><display value="Community/Retail Pharmacy"/></concept><concept><code value="3336C0004X"/><display value="Compounding Pharmacy"/></concept><concept><code value="3336H0001X"/><display value="Home Infusion Therapy Pharmacy"/></concept><concept><code value="3336I0012X"/><display value="Institutional Pharmacy"/></concept><concept><code value="3336L0003X"/><display value="Long Term Care Pharmacy"/></concept><concept><code value="3336M0002X"/><display value="Mail Order Pharmacy"/></concept><concept><code value="3336M0003X"/><display value="Managed Care Organization Pharmacy"/></concept><concept><code value="3336N0007X"/><display value="Nuclear Pharmacy"/></concept><concept><code value="3336S0011X"/><display value="Specialty Pharmacy"/></concept><concept><code value="335E00000X"/><display value="Prosthetic/Orthotic Supplier"/></concept><concept><code value="335G00000X"/><display value="Medical Foods Supplier"/></concept><concept><code value="335U00000X"/><display value="Organ Procurement Organization"/></concept><concept><code value="335V00000X"/><display value="Portable X-ray and/or Other Portable Diagnostic Imaging Supplier"/></concept><concept><code value="341600000X"/><display value="Ambulance"/></concept><concept><code value="3416A0800X"/><display value="Air Ambulance"/></concept><concept><code value="3416L0300X"/><display value="Land Ambulance"/></concept><concept><code value="3416S0300X"/><display value="Water Ambulance"/></concept><concept><code value="341800000X"/><display value="Military/U.S. Coast Guard Transport,"/></concept><concept><code value="3418M1110X"/><display value="Military or U.S. Coast Guard Ground Transport Ambulance"/></concept><concept><code value="3418M1120X"/><display value="Military or U.S. Coast Guard Air Transport Ambulance"/></concept><concept><code value="3418M1130X"/><display value="Military or U.S. Coast Guard Water Transport Ambulance"/></concept><concept><code value="342000000X"/><display value="Transportation Network Company"/></concept><concept><code value="343800000X"/><display value="Secured Medical Transport (VAN)"/></concept><concept><code value="343900000X"/><display value="Non-emergency Medical Transport (VAN)"/></concept><concept><code value="344600000X"/><display value="Taxi"/></concept><concept><code value="344800000X"/><display value="Air Carrier"/></concept><concept><code value="347B00000X"/><display value="Bus"/></concept><concept><code value="347C00000X"/><display value="Private Vehicle"/></concept><concept><code value="347D00000X"/><display value="Train"/></concept><concept><code value="347E00000X"/><display value="Transportation Broker"/></concept></include></compose></ValueSet>