<?xml version="1.0" encoding="UTF-8"?><ValueSet xmlns="http://hl7.org/fhir"><id value="SpecialtiesVS"/><text><status value="generated"/><div xmlns="http://www.w3.org/1999/xhtml"><p>This value set includes codes based on the following rules:</p><ul><li>Import all the codes that are contained in <a href="ValueSet-IndividualAndGroupSpecialtiesVS.html">http://hl7.org/fhir/us/ndh/ValueSet/IndividualAndGroupSpecialtiesVS</a></li><li>Import all the codes that are contained in <a href="ValueSet-NonIndividualSpecialtiesVS.html">http://hl7.org/fhir/us/ndh/ValueSet/NonIndividualSpecialtiesVS</a></li></ul></div></text><url value="http://hl7.org/fhir/us/ndh/ValueSet/SpecialtiesVS"/><version value="1.0.0"/><name value="SpecialtiesVS"/><title value="Specialties Value Set"/><status value="active"/><experimental value="false"/><date value="2022-10-20T20:37:10-04:00"/><publisher value="HL7 International - Patient Administration Work Group"/><contact><name value="HL7 International - Patient Administration Work Group"/><telecom><system value="url"/><value value="http://hl7.org/Special/committees/pafm"/></telecom><telecom><system value="email"/><value value="pafm@lists.hl7.org"/></telecom></contact><description value="Specialties value set based on National Uniform Claim Committee (NUCC) Health Care Provider Taxonomy code set"/><jurisdiction><coding><system value="urn:iso:std:iso:3166"/><code value="US"/><display value="United States of America"/></coding></jurisdiction><compose><include><valueSet value="http://hl7.org/fhir/us/ndh/ValueSet/IndividualAndGroupSpecialtiesVS"/></include><include><valueSet value="http://hl7.org/fhir/us/ndh/ValueSet/NonIndividualSpecialtiesVS"/></include></compose></ValueSet>