<?xml version="1.0" encoding="UTF-8"?><ValueSet xmlns="http://hl7.org/fhir"><id value="QualificationStatusVS"/><text><status value="generated"/><div xmlns="http://www.w3.org/1999/xhtml"><ul><li>Include all codes defined in <a href="CodeSystem-QualificationStatusCS.html"><code>http://hl7.org/fhir/us/ndh/CodeSystem/QualificationStatusCS</code></a></li></ul></div></text><url value="http://hl7.org/fhir/us/ndh/ValueSet/QualificationStatusVS"/><version value="1.0.0"/><name value="QualificationStatusVS"/><title value="Qualification Status Value Set"/><status value="active"/><experimental value="false"/><date value="2022-10-20T20:37:10-04:00"/><publisher value="HL7 International - Patient Administration Work Group"/><contact><name value="HL7 International - Patient Administration Work Group"/><telecom><system value="url"/><value value="http://hl7.org/Special/committees/pafm"/></telecom><telecom><system value="email"/><value value="pafm@lists.hl7.org"/></telecom></contact><description value="The state indicating if a qualification is currently valid."/><jurisdiction><coding><system value="urn:iso:std:iso:3166"/><code value="US"/><display value="United States of America"/></coding></jurisdiction><compose><include><system value="http://hl7.org/fhir/us/ndh/CodeSystem/QualificationStatusCS"/></include></compose></ValueSet>