<?xml version="1.0" encoding="UTF-8"?>

<CodeSystem xmlns="http://hl7.org/fhir">
  <id value="HealthcareServiceCategoryCS"/>
  <text>
    <status value="generated"/><div xmlns="http://www.w3.org/1999/xhtml"><p>This code system <code>http://hl7.org/fhir/us/ndh/CodeSystem/HealthcareServiceCategoryCS</code> defines the following codes:</p><table class="codes"><tr><td style="white-space:nowrap"><b>Code</b></td><td><b>Display</b></td><td><b>Definition</b></td></tr><tr><td style="white-space:nowrap">behav<a name="HealthcareServiceCategoryCS-behav"> </a></td><td>Behavioral Health</td><td>Services related to the promotion of mental health, resilience and wellbeing; the treatment of mental and substance use disorders; and the support of those who experience and/or are in recovery from these conditions, along with their families and communities.</td></tr><tr><td style="white-space:nowrap">dent<a name="HealthcareServiceCategoryCS-dent"> </a></td><td>Dental</td><td>Services related to the study, diagnosis, prevention, and treatment of diseases, disorders, and conditions of the mouth.</td></tr><tr><td style="white-space:nowrap">dme<a name="HealthcareServiceCategoryCS-dme"> </a></td><td>DME/Medical Supplies</td><td>Health care consumables or equipments supplied to patients</td></tr><tr><td style="white-space:nowrap">emerg<a name="HealthcareServiceCategoryCS-emerg"> </a></td><td>Emergency care</td><td>Health care services rendered within a designated emergency care facility, for point-in-time evaluation and/or treatment any medical condition such that a prudent layperson possessing an average knowledge of medicine and health, believes that immediate unscheduled medical care is required.</td></tr><tr><td style="white-space:nowrap">group<a name="HealthcareServiceCategoryCS-group"> </a></td><td>Medical Group</td><td>Health care services rendered by a group of people, e.g. a group of Physicians.</td></tr><tr><td style="white-space:nowrap">home<a name="HealthcareServiceCategoryCS-home"> </a></td><td>Home Health</td><td>Health care services delivered to patients within their residence rather than a clinical setting; usually provided by nurses, home health aides, and other professionals on a regularly scheduled visit.</td></tr><tr><td style="white-space:nowrap">hosp<a name="HealthcareServiceCategoryCS-hosp"> </a></td><td>Hospital</td><td>Health care services rendered within a hospital or other inpatient setting providng patient treatment with specialzed medical and nursing staff and medical equipment.</td></tr><tr><td style="white-space:nowrap">lab<a name="HealthcareServiceCategoryCS-lab"> </a></td><td>Laboratory</td><td>Pathology and laboratory testing on clinical specimenst to obtain informaion about the health of a paeint to aid in diagnosis, treatment and prevention of disease.</td></tr><tr><td style="white-space:nowrap">other<a name="HealthcareServiceCategoryCS-other"> </a></td><td>Other</td><td>Other</td></tr><tr><td style="white-space:nowrap">outpat<a name="HealthcareServiceCategoryCS-outpat"> </a></td><td>Clinic or Outpatient Facility</td><td>Health care services rendered in an outpatient facility, e.g. medical procedures, surgeries, etc.</td></tr><tr><td style="white-space:nowrap">prov<a name="HealthcareServiceCategoryCS-prov"> </a></td><td>Medical Provider</td><td>Health care services rendered by a person, e.g. Physician.</td></tr><tr><td style="white-space:nowrap">pharm<a name="HealthcareServiceCategoryCS-pharm"> </a></td><td>Pharmacy</td><td>Services related to the storage, compounding, dispensing and sale of drugs.</td></tr><tr><td style="white-space:nowrap">trans<a name="HealthcareServiceCategoryCS-trans"> </a></td><td>Transportation</td><td>Services which transport patients to or from a medical facility, e.g., ambulance.</td></tr><tr><td style="white-space:nowrap">urg<a name="HealthcareServiceCategoryCS-urg"> </a></td><td>Urgent Care</td><td>Unscheduled health care services which provide for point-in-time evaluation or treatment of a non-life-threatening medical condition.</td></tr><tr><td style="white-space:nowrap">vis<a name="HealthcareServiceCategoryCS-vis"> </a></td><td>Vision</td><td>Services related to the study, diagnosis, prevention, and treatment of diseases, disorders, and conditions of the eyes.</td></tr></table></div>
  </text>
  <url value="http://hl7.org/fhir/us/ndh/CodeSystem/HealthcareServiceCategoryCS"/>
  <version value="1.0.0"/>
  <name value="HealthcareServiceCategoryCS"/>
  <title value="Healthcare Service Category Code System"/>
  <status value="active"/>
  <experimental value="false"/>
  <date value="2022-10-20T20:37:10-04:00"/>
  <publisher value="HL7 International - Patient Administration Work Group"/>
  <contact>
    <name value="HL7 International - Patient Administration Work Group"/>
    <telecom>
      <system value="url"/>
      <value value="http://hl7.org/Special/committees/pafm"/>
    </telecom>
    <telecom>
      <system value="email"/>
      <value value="pafm@lists.hl7.org"/>
    </telecom>
  </contact>
  <description value="Broad categories of healthcare services being performed or delivered"/>
  <jurisdiction>
    <coding>
      <system value="urn:iso:std:iso:3166"/>
      <code value="US"/>
      <display value="United States of America"/>
    </coding>
  </jurisdiction>
  <caseSensitive value="true"/>
  <content value="complete"/>
  <count value="15"/>
  <concept>
    <code value="behav"/>
    <display value="Behavioral Health"/>
    <definition value="Services related to the promotion of mental health, resilience and wellbeing; the treatment of mental and substance use disorders; and the support of those who experience and/or are in recovery from these conditions, along with their families and communities."/>
  </concept>
  <concept>
    <code value="dent"/>
    <display value="Dental"/>
    <definition value="Services related to the study, diagnosis, prevention, and treatment of diseases, disorders, and conditions of the mouth."/>
  </concept>
  <concept>
    <code value="dme"/>
    <display value="DME/Medical Supplies"/>
    <definition value="Health care consumables or equipments supplied to patients"/>
  </concept>
  <concept>
    <code value="emerg"/>
    <display value="Emergency care"/>
    <definition value="Health care services rendered within a designated emergency care facility, for point-in-time evaluation and/or treatment any medical condition such that a prudent layperson possessing an average knowledge of medicine and health, believes that immediate unscheduled medical care is required."/>
  </concept>
  <concept>
    <code value="group"/>
    <display value="Medical Group"/>
    <definition value="Health care services rendered by a group of people, e.g. a group of Physicians."/>
  </concept>
  <concept>
    <code value="home"/>
    <display value="Home Health"/>
    <definition value="Health care services delivered to patients within their residence rather than a clinical setting; usually provided by nurses, home health aides, and other professionals on a regularly scheduled visit."/>
  </concept>
  <concept>
    <code value="hosp"/>
    <display value="Hospital"/>
    <definition value="Health care services rendered within a hospital or other inpatient setting providng patient treatment with specialzed medical and nursing staff and medical equipment."/>
  </concept>
  <concept>
    <code value="lab"/>
    <display value="Laboratory"/>
    <definition value="Pathology and laboratory testing on clinical specimenst to obtain informaion about the health of a paeint to aid in diagnosis, treatment and prevention of disease."/>
  </concept>
  <concept>
    <code value="other"/>
    <display value="Other"/>
    <definition value="Other"/>
  </concept>
  <concept>
    <code value="outpat"/>
    <display value="Clinic or Outpatient Facility"/>
    <definition value="Health care services rendered in an outpatient facility, e.g. medical procedures, surgeries, etc."/>
  </concept>
  <concept>
    <code value="prov"/>
    <display value="Medical Provider"/>
    <definition value="Health care services rendered by a person, e.g. Physician."/>
  </concept>
  <concept>
    <code value="pharm"/>
    <display value="Pharmacy"/>
    <definition value="Services related to the storage, compounding, dispensing and sale of drugs."/>
  </concept>
  <concept>
    <code value="trans"/>
    <display value="Transportation"/>
    <definition value="Services which transport patients to or from a medical facility, e.g., ambulance."/>
  </concept>
  <concept>
    <code value="urg"/>
    <display value="Urgent Care"/>
    <definition value="Unscheduled health care services which provide for point-in-time evaluation or treatment of a non-life-threatening medical condition."/>
  </concept>
  <concept>
    <code value="vis"/>
    <display value="Vision"/>
    <definition value="Services related to the study, diagnosis, prevention, and treatment of diseases, disorders, and conditions of the eyes."/>
  </concept>
</CodeSystem>