<?xml version="1.0" encoding="UTF-8"?>

<ImplementationGuide xmlns="http://hl7.org/fhir">
  <id value="hl7.fhir.us.ndh"/>
  <text>
    <status value="extensions"/><div xmlns="http://www.w3.org/1999/xhtml"><h2>NDH</h2><p>The official URL for this implementation guide is: </p><pre>http://hl7.org/fhir/us/ndh/ImplementationGuide/hl7.fhir.us.ndh</pre></div>
  </text>
  <url value="http://hl7.org/fhir/us/ndh/ImplementationGuide/hl7.fhir.us.ndh"/>
  <version value="1.0.0"/>
  <name value="NDH"/>
  <title value="National Directory of Healthcare Providers &amp; Services (NDH) Implementation Guide"/>
  <status value="active"/>
  <date value="2022-10-20T20:37:10-04:00"/>
  <publisher value="HL7 International - Patient Administration Work Group"/>
  <contact>
    <name value="HL7 International - Patient Administration Work Group"/>
    <telecom>
      <system value="url"/>
      <value value="http://hl7.org/Special/committees/pafm"/>
    </telecom>
    <telecom>
      <system value="email"/>
      <value value="pafm@lists.hl7.org"/>
    </telecom>
  </contact>
  <jurisdiction>
    <coding>
      <system value="urn:iso:std:iso:3166"/>
      <code value="US"/>
      <display value="United States of America"/>
    </coding>
  </jurisdiction>
  <packageId value="hl7.fhir.us.ndh"/>
  <license value="CC0-1.0"/>
  <fhirVersion value="4.0.1"/>
  <dependsOn id="hl7tx">
    <uri value="http://terminology.hl7.org/ImplementationGuide/hl7.terminology"/>
    <packageId value="hl7.terminology.r4"/>
    <version value="4.0.0"/>
  </dependsOn>
  <dependsOn id="hl7_fhir_us_core">
    <uri value="http://hl7.org/fhir/us/core/ImplementationGuide/hl7.fhir.us.core"/>
    <packageId value="hl7.fhir.us.core"/>
    <version value="5.0.0"/>
  </dependsOn>
  <definition>
    <extension url="http://hl7.org/fhir/tools/StructureDefinition/ig-parameter">
      <extension url="code">
        <valueString value="copyrightyear"/>
      </extension>
      <extension url="value">
        <valueString value="2022+"/>
      </extension>
    </extension>
    <extension url="http://hl7.org/fhir/tools/StructureDefinition/ig-parameter">
      <extension url="code">
        <valueString value="releaselabel"/>
      </extension>
      <extension url="value">
        <valueString value="draft"/>
      </extension>
    </extension>
    <extension url="http://hl7.org/fhir/tools/StructureDefinition/ig-parameter">
      <extension url="code">
        <valueString value="show-inherited-invariants"/>
      </extension>
      <extension url="value">
        <valueString value="false"/>
      </extension>
    </extension>
    <extension url="http://hl7.org/fhir/tools/StructureDefinition/ig-parameter">
      <extension url="code">
        <valueString value="version-comparison"/>
      </extension>
      <extension url="value">
        <valueString value="n/a"/>
      </extension>
    </extension>
    <extension url="http://hl7.org/fhir/tools/StructureDefinition/ig-parameter">
      <extension url="code">
        <valueString value="path-history"/>
      </extension>
      <extension url="value">
        <valueString value="http://hl7.org/fhir/us/ndh/history.html"/>
      </extension>
    </extension>
    <extension url="http://hl7.org/fhir/tools/StructureDefinition/ig-parameter">
      <extension url="code">
        <valueString value="autoload-resources"/>
      </extension>
      <extension url="value">
        <valueString value="true"/>
      </extension>
    </extension>
    <extension url="http://hl7.org/fhir/tools/StructureDefinition/ig-parameter">
      <extension url="code">
        <valueString value="path-liquid"/>
      </extension>
      <extension url="value">
        <valueString value="template/liquid"/>
      </extension>
    </extension>
    <extension url="http://hl7.org/fhir/tools/StructureDefinition/ig-parameter">
      <extension url="code">
        <valueString value="path-liquid"/>
      </extension>
      <extension url="value">
        <valueString value="input/liquid"/>
      </extension>
    </extension>
    <extension url="http://hl7.org/fhir/tools/StructureDefinition/ig-parameter">
      <extension url="code">
        <valueString value="path-qa"/>
      </extension>
      <extension url="value">
        <valueString value="temp/qa"/>
      </extension>
    </extension>
    <extension url="http://hl7.org/fhir/tools/StructureDefinition/ig-parameter">
      <extension url="code">
        <valueString value="path-temp"/>
      </extension>
      <extension url="value">
        <valueString value="temp/pages"/>
      </extension>
    </extension>
    <extension url="http://hl7.org/fhir/tools/StructureDefinition/ig-parameter">
      <extension url="code">
        <valueString value="path-output"/>
      </extension>
      <extension url="value">
        <valueString value="output"/>
      </extension>
    </extension>
    <extension url="http://hl7.org/fhir/tools/StructureDefinition/ig-parameter">
      <extension url="code">
        <valueString value="path-suppressed-warnings"/>
      </extension>
      <extension url="value">
        <valueString value="input/ignoreWarnings.txt"/>
      </extension>
    </extension>
    <extension url="http://hl7.org/fhir/tools/StructureDefinition/ig-parameter">
      <extension url="code">
        <valueString value="template-html"/>
      </extension>
      <extension url="value">
        <valueString value="template-page.html"/>
      </extension>
    </extension>
    <extension url="http://hl7.org/fhir/tools/StructureDefinition/ig-parameter">
      <extension url="code">
        <valueString value="template-md"/>
      </extension>
      <extension url="value">
        <valueString value="template-page-md.html"/>
      </extension>
    </extension>
    <extension url="http://hl7.org/fhir/tools/StructureDefinition/ig-parameter">
      <extension url="code">
        <valueString value="apply-contact"/>
      </extension>
      <extension url="value">
        <valueString value="true"/>
      </extension>
    </extension>
    <extension url="http://hl7.org/fhir/tools/StructureDefinition/ig-parameter">
      <extension url="code">
        <valueString value="apply-context"/>
      </extension>
      <extension url="value">
        <valueString value="true"/>
      </extension>
    </extension>
    <extension url="http://hl7.org/fhir/tools/StructureDefinition/ig-parameter">
      <extension url="code">
        <valueString value="apply-copyright"/>
      </extension>
      <extension url="value">
        <valueString value="true"/>
      </extension>
    </extension>
    <extension url="http://hl7.org/fhir/tools/StructureDefinition/ig-parameter">
      <extension url="code">
        <valueString value="apply-jurisdiction"/>
      </extension>
      <extension url="value">
        <valueString value="true"/>
      </extension>
    </extension>
    <extension url="http://hl7.org/fhir/tools/StructureDefinition/ig-parameter">
      <extension url="code">
        <valueString value="apply-license"/>
      </extension>
      <extension url="value">
        <valueString value="true"/>
      </extension>
    </extension>
    <extension url="http://hl7.org/fhir/tools/StructureDefinition/ig-parameter">
      <extension url="code">
        <valueString value="apply-publisher"/>
      </extension>
      <extension url="value">
        <valueString value="true"/>
      </extension>
    </extension>
    <extension url="http://hl7.org/fhir/tools/StructureDefinition/ig-parameter">
      <extension url="code">
        <valueString value="apply-version"/>
      </extension>
      <extension url="value">
        <valueString value="true"/>
      </extension>
    </extension>
    <extension url="http://hl7.org/fhir/tools/StructureDefinition/ig-parameter">
      <extension url="code">
        <valueString value="active-tables"/>
      </extension>
      <extension url="value">
        <valueString value="true"/>
      </extension>
    </extension>
    <extension url="http://hl7.org/fhir/tools/StructureDefinition/ig-parameter">
      <extension url="code">
        <valueString value="fmm-definition"/>
      </extension>
      <extension url="value">
        <valueString value="http://hl7.org/fhir/versions.html#maturity"/>
      </extension>
    </extension>
    <extension url="http://hl7.org/fhir/tools/StructureDefinition/ig-parameter">
      <extension url="code">
        <valueString value="propagate-status"/>
      </extension>
      <extension url="value">
        <valueString value="true"/>
      </extension>
    </extension>
    <extension url="http://hl7.org/fhir/tools/StructureDefinition/ig-parameter">
      <extension url="code">
        <valueString value="excludelogbinaryformat"/>
      </extension>
      <extension url="value">
        <valueString value="true"/>
      </extension>
    </extension>
    <extension url="http://hl7.org/fhir/tools/StructureDefinition/ig-parameter">
      <extension url="code">
        <valueString value="tabbed-snapshots"/>
      </extension>
      <extension url="value">
        <valueString value="true"/>
      </extension>
    </extension>
    <extension url="http://hl7.org/fhir/tools/StructureDefinition/ig-parameter">
      <extension url="code">
        <valueString value="copyrightyear"/>
      </extension>
      <extension url="value">
        <valueString value="2022+"/>
      </extension>
    </extension>
    <extension url="http://hl7.org/fhir/tools/StructureDefinition/ig-parameter">
      <extension url="code">
        <valueString value="releaselabel"/>
      </extension>
      <extension url="value">
        <valueString value="draft"/>
      </extension>
    </extension>
    <extension url="http://hl7.org/fhir/tools/StructureDefinition/ig-parameter">
      <extension url="code">
        <valueString value="show-inherited-invariants"/>
      </extension>
      <extension url="value">
        <valueString value="false"/>
      </extension>
    </extension>
    <extension url="http://hl7.org/fhir/tools/StructureDefinition/ig-parameter">
      <extension url="code">
        <valueString value="version-comparison"/>
      </extension>
      <extension url="value">
        <valueString value="n/a"/>
      </extension>
    </extension>
    <extension url="http://hl7.org/fhir/tools/StructureDefinition/ig-parameter">
      <extension url="code">
        <valueString value="path-history"/>
      </extension>
      <extension url="value">
        <valueString value="http://hl7.org/fhir/us/ndh/history.html"/>
      </extension>
    </extension>
    <extension url="http://hl7.org/fhir/tools/StructureDefinition/ig-parameter">
      <extension url="code">
        <valueString value="autoload-resources"/>
      </extension>
      <extension url="value">
        <valueString value="true"/>
      </extension>
    </extension>
    <extension url="http://hl7.org/fhir/tools/StructureDefinition/ig-parameter">
      <extension url="code">
        <valueString value="path-liquid"/>
      </extension>
      <extension url="value">
        <valueString value="template/liquid"/>
      </extension>
    </extension>
    <extension url="http://hl7.org/fhir/tools/StructureDefinition/ig-parameter">
      <extension url="code">
        <valueString value="path-liquid"/>
      </extension>
      <extension url="value">
        <valueString value="input/liquid"/>
      </extension>
    </extension>
    <extension url="http://hl7.org/fhir/tools/StructureDefinition/ig-parameter">
      <extension url="code">
        <valueString value="path-qa"/>
      </extension>
      <extension url="value">
        <valueString value="temp/qa"/>
      </extension>
    </extension>
    <extension url="http://hl7.org/fhir/tools/StructureDefinition/ig-parameter">
      <extension url="code">
        <valueString value="path-temp"/>
      </extension>
      <extension url="value">
        <valueString value="temp/pages"/>
      </extension>
    </extension>
    <extension url="http://hl7.org/fhir/tools/StructureDefinition/ig-parameter">
      <extension url="code">
        <valueString value="path-output"/>
      </extension>
      <extension url="value">
        <valueString value="output"/>
      </extension>
    </extension>
    <extension url="http://hl7.org/fhir/tools/StructureDefinition/ig-parameter">
      <extension url="code">
        <valueString value="path-suppressed-warnings"/>
      </extension>
      <extension url="value">
        <valueString value="input/ignoreWarnings.txt"/>
      </extension>
    </extension>
    <extension url="http://hl7.org/fhir/tools/StructureDefinition/ig-parameter">
      <extension url="code">
        <valueString value="template-html"/>
      </extension>
      <extension url="value">
        <valueString value="template-page.html"/>
      </extension>
    </extension>
    <extension url="http://hl7.org/fhir/tools/StructureDefinition/ig-parameter">
      <extension url="code">
        <valueString value="template-md"/>
      </extension>
      <extension url="value">
        <valueString value="template-page-md.html"/>
      </extension>
    </extension>
    <extension url="http://hl7.org/fhir/tools/StructureDefinition/ig-parameter">
      <extension url="code">
        <valueString value="apply-contact"/>
      </extension>
      <extension url="value">
        <valueString value="true"/>
      </extension>
    </extension>
    <extension url="http://hl7.org/fhir/tools/StructureDefinition/ig-parameter">
      <extension url="code">
        <valueString value="apply-context"/>
      </extension>
      <extension url="value">
        <valueString value="true"/>
      </extension>
    </extension>
    <extension url="http://hl7.org/fhir/tools/StructureDefinition/ig-parameter">
      <extension url="code">
        <valueString value="apply-copyright"/>
      </extension>
      <extension url="value">
        <valueString value="true"/>
      </extension>
    </extension>
    <extension url="http://hl7.org/fhir/tools/StructureDefinition/ig-parameter">
      <extension url="code">
        <valueString value="apply-jurisdiction"/>
      </extension>
      <extension url="value">
        <valueString value="true"/>
      </extension>
    </extension>
    <extension url="http://hl7.org/fhir/tools/StructureDefinition/ig-parameter">
      <extension url="code">
        <valueString value="apply-license"/>
      </extension>
      <extension url="value">
        <valueString value="true"/>
      </extension>
    </extension>
    <extension url="http://hl7.org/fhir/tools/StructureDefinition/ig-parameter">
      <extension url="code">
        <valueString value="apply-publisher"/>
      </extension>
      <extension url="value">
        <valueString value="true"/>
      </extension>
    </extension>
    <extension url="http://hl7.org/fhir/tools/StructureDefinition/ig-parameter">
      <extension url="code">
        <valueString value="apply-version"/>
      </extension>
      <extension url="value">
        <valueString value="true"/>
      </extension>
    </extension>
    <extension url="http://hl7.org/fhir/tools/StructureDefinition/ig-parameter">
      <extension url="code">
        <valueString value="active-tables"/>
      </extension>
      <extension url="value">
        <valueString value="true"/>
      </extension>
    </extension>
    <extension url="http://hl7.org/fhir/tools/StructureDefinition/ig-parameter">
      <extension url="code">
        <valueString value="fmm-definition"/>
      </extension>
      <extension url="value">
        <valueString value="http://hl7.org/fhir/versions.html#maturity"/>
      </extension>
    </extension>
    <extension url="http://hl7.org/fhir/tools/StructureDefinition/ig-parameter">
      <extension url="code">
        <valueString value="propagate-status"/>
      </extension>
      <extension url="value">
        <valueString value="true"/>
      </extension>
    </extension>
    <extension url="http://hl7.org/fhir/tools/StructureDefinition/ig-parameter">
      <extension url="code">
        <valueString value="excludelogbinaryformat"/>
      </extension>
      <extension url="value">
        <valueString value="true"/>
      </extension>
    </extension>
    <extension url="http://hl7.org/fhir/tools/StructureDefinition/ig-parameter">
      <extension url="code">
        <valueString value="tabbed-snapshots"/>
      </extension>
      <extension url="value">
        <valueString value="true"/>
      </extension>
    </extension>
    <resource>
      <extension url="http://hl7.org/fhir/tools/StructureDefinition/resource-information">
        <valueString value="StructureDefinition:resource"/>
      </extension>
      <reference>
        <reference value="StructureDefinition/ndh-CareTeam"/>
      </reference>
      <name value="NDH Care Team"/>
      <description value="Defines the basic constraints and extensions on the CareTeam resource for use in a Validated Healthcare Directory"/>
      <exampleBoolean value="false"/>
    </resource>
    <resource>
      <extension url="http://hl7.org/fhir/tools/StructureDefinition/resource-information">
        <valueString value="StructureDefinition:resource"/>
      </extension>
      <reference>
        <reference value="StructureDefinition/ndh-Endpoint"/>
      </reference>
      <name value="NDH Endpoint"/>
      <description value="The technical details of an endpoint that can be used for electronic services, such as a portal or FHIR REST services, messaging or operations, or DIRECT messaging."/>
      <exampleBoolean value="false"/>
    </resource>
    <resource>
      <extension url="http://hl7.org/fhir/tools/StructureDefinition/resource-information">
        <valueString value="StructureDefinition:resource"/>
      </extension>
      <reference>
        <reference value="StructureDefinition/ndh-HealthcareService"/>
      </reference>
      <name value="NDH HealthcareService"/>
      <description value="The HealthCareService resource typically describes services offered by an organization/practitioner at a location. &#xD;&#xA;The resource may be used to encompass a variety of services covering the entire healthcare spectrum, including promotion, prevention, diagnostics, pharmacy, &#xD;&#xA;hospital and ambulatory care, home care, long-term care, and other health-related and community services."/>
      <exampleBoolean value="false"/>
    </resource>
    <resource>
      <extension url="http://hl7.org/fhir/tools/StructureDefinition/resource-information">
        <valueString value="StructureDefinition:resource"/>
      </extension>
      <reference>
        <reference value="StructureDefinition/ndh-InsurancePlan"/>
      </reference>
      <name value="NDH InsurancePlan"/>
      <description value="An InsurancePlan is a discrete package of health insurance coverage benefits that are offered under a particular network type. A given payer’s products &#xD;&#xA;typically differ by network type and/or covered benefits. A plan pairs a product’s covered benefits with the particular cost sharing structure offered to a consumer. &#xD;&#xA;A given product may comprise multiple plans (i.e. each plan offers different cost sharing requirements for the same set of covered benefits).&#xD;&#xA;InsurancePlan describes a health insurance offering comprised of a list of covered benefits (i.e. the product), costs associated with those benefits (i.e. the plan), &#xD;&#xA;and additional information about the offering, such as who it is owned and administered by, a coverage area, contact information, etc."/>
      <exampleBoolean value="false"/>
    </resource>
    <resource>
      <extension url="http://hl7.org/fhir/tools/StructureDefinition/resource-information">
        <valueString value="StructureDefinition:resource"/>
      </extension>
      <reference>
        <reference value="StructureDefinition/ndh-Location"/>
      </reference>
      <name value="NDH Location"/>
      <description value="A Location is the physical place where healthcare services are provided, practitioners are employed, &#xD;&#xA;                 organizations are based, etc. Locations can range in scope from a room in a building to a geographic region/area."/>
      <exampleBoolean value="false"/>
    </resource>
    <resource>
      <extension url="http://hl7.org/fhir/tools/StructureDefinition/resource-information">
        <valueString value="StructureDefinition:resource"/>
      </extension>
      <reference>
        <reference value="StructureDefinition/ndh-Network"/>
      </reference>
      <name value="NDH Network"/>
      <description value="A Network refers to a healthcare provider insurance network. A healthcare provider insurance network is an aggregation of organizations and individuals &#xD;&#xA;that deliver a set of services across a geography through health insurance products/plans. A network is typically owned by a payer.&#xD;&#xA;In the NDH IG, individuals and organizations are represented as participants in a National Directory Exchange Network through the practitionerRole and &#xD;&#xA;National Directory Exchange-organizationAffiliation resources, respectively."/>
      <exampleBoolean value="false"/>
    </resource>
    <resource>
      <extension url="http://hl7.org/fhir/tools/StructureDefinition/resource-information">
        <valueString value="StructureDefinition:resource"/>
      </extension>
      <reference>
        <reference value="StructureDefinition/ndh-Organization"/>
      </reference>
      <name value="NDH Organization"/>
      <description value="An organization is a formal or informal grouping of people or organizations with a common purpose, such as a company, institution, corporation, &#xD;&#xA;community group, or healthcare practice. Guidance: When the contact is a department name, rather than a human (e.g., patient help line), include a blank family &#xD;&#xA;and given name, and provide the department name in contact.name.text"/>
      <exampleBoolean value="false"/>
    </resource>
    <resource>
      <extension url="http://hl7.org/fhir/tools/StructureDefinition/resource-information">
        <valueString value="StructureDefinition:resource"/>
      </extension>
      <reference>
        <reference value="StructureDefinition/ndh-OrganizationAffiliation"/>
      </reference>
      <name value="NDH OrganizationAffiliation"/>
      <description value="The OrganizationAffiliation resource describes relationships between two or more organizations, including the services one organization provides another, &#xD;&#xA;the location(s) where they provide services, the availability of those services, electronic endpoints, and other relevant information."/>
      <exampleBoolean value="false"/>
    </resource>
    <resource>
      <extension url="http://hl7.org/fhir/tools/StructureDefinition/resource-information">
        <valueString value="StructureDefinition:resource"/>
      </extension>
      <reference>
        <reference value="StructureDefinition/ndh-Practitioner"/>
      </reference>
      <name value="NDH Practitioner"/>
      <description value="Practitioner is a person who is directly or indirectly involved in the provisioning of healthcare."/>
      <exampleBoolean value="false"/>
    </resource>
    <resource>
      <extension url="http://hl7.org/fhir/tools/StructureDefinition/resource-information">
        <valueString value="StructureDefinition:resource"/>
      </extension>
      <reference>
        <reference value="StructureDefinition/ndh-PractitionerRole"/>
      </reference>
      <name value="NDH PractitionerRole"/>
      <description value="PractionerRole describes details about a provider, which can be a practitioner or an organization. When the provider is a practitioner, &#xD;&#xA;there may be a relationship to an organization. A provider renders services to patients at a location. When the provider is a practitioner, there may also &#xD;&#xA;be a relationship to an organization. Practitioner participation in healthcare provider insurance networks may be direct or through their role at an organization."/>
      <exampleBoolean value="false"/>
    </resource>
    <resource>
      <extension url="http://hl7.org/fhir/tools/StructureDefinition/resource-information">
        <valueString value="StructureDefinition:resource"/>
      </extension>
      <reference>
        <reference value="StructureDefinition/ndh-Restriction"/>
      </reference>
      <name value="NDH Restriction"/>
      <description value="Restriction on use/release of exchanged information"/>
      <exampleBoolean value="false"/>
    </resource>
    <resource>
      <extension url="http://hl7.org/fhir/tools/StructureDefinition/resource-information">
        <valueString value="StructureDefinition:resource"/>
      </extension>
      <reference>
        <reference value="StructureDefinition/ndh-Verification"/>
      </reference>
      <name value="NDH Verification"/>
      <description value="Describes Verification requirements, source(s), status and dates for one or more elements"/>
      <exampleBoolean value="false"/>
    </resource>
    <resource>
      <extension url="http://hl7.org/fhir/tools/StructureDefinition/resource-information">
        <valueString value="StructureDefinition:extension"/>
      </extension>
      <reference>
        <reference value="StructureDefinition/accessibility"/>
      </reference>
      <name value="Accessibility"/>
      <description value="An extension to describe accessibility options offered by a practitioner or at a location."/>
      <exampleBoolean value="false"/>
    </resource>
    <resource>
      <extension url="http://hl7.org/fhir/tools/StructureDefinition/resource-information">
        <valueString value="StructureDefinition:extension"/>
      </extension>
      <reference>
        <reference value="StructureDefinition/associatedServers"/>
      </reference>
      <name value="Associated Servers"/>
      <description value="Associated Servers"/>
      <exampleBoolean value="false"/>
    </resource>
    <resource>
      <extension url="http://hl7.org/fhir/tools/StructureDefinition/resource-information">
        <valueString value="StructureDefinition:extension"/>
      </extension>
      <reference>
        <reference value="StructureDefinition/careteam-alias"/>
      </reference>
      <name value="NDH Careteam Alias"/>
      <description value="Alternate names by which the team is known"/>
      <exampleBoolean value="false"/>
    </resource>
    <resource>
      <extension url="http://hl7.org/fhir/tools/StructureDefinition/resource-information">
        <valueString value="StructureDefinition:extension"/>
      </extension>
      <reference>
        <reference value="StructureDefinition/communication-proficiency"/>
      </reference>
      <name value="Communication Proficiency"/>
      <description value="An extension to express a practitioner’s spoken proficiency with the language indicated in practitioner.communication."/>
      <exampleBoolean value="false"/>
    </resource>
    <resource>
      <extension url="http://hl7.org/fhir/tools/StructureDefinition/resource-information">
        <valueString value="StructureDefinition:extension"/>
      </extension>
      <reference>
        <reference value="StructureDefinition/contactpoint-availabletime"/>
      </reference>
      <name value="Contactpoint Availabletime"/>
      <description value="An extension representing the days and times a contact point is available"/>
      <exampleBoolean value="false"/>
    </resource>
    <resource>
      <extension url="http://hl7.org/fhir/tools/StructureDefinition/resource-information">
        <valueString value="StructureDefinition:extension"/>
      </extension>
      <reference>
        <reference value="StructureDefinition/delivery-method"/>
      </reference>
      <name value="Delivery Method"/>
      <description value="An extension describing the service delivery method.   If service delivery is virtual, one or more delivery modalities should be specified."/>
      <exampleBoolean value="false"/>
    </resource>
    <resource>
      <extension url="http://hl7.org/fhir/tools/StructureDefinition/resource-information">
        <valueString value="StructureDefinition:extension"/>
      </extension>
      <reference>
        <reference value="StructureDefinition/dynamicRegistration"/>
      </reference>
      <name value="Dynamic Registration"/>
      <description value="Dynamic Registration"/>
      <exampleBoolean value="false"/>
    </resource>
    <resource>
      <extension url="http://hl7.org/fhir/tools/StructureDefinition/resource-information">
        <valueString value="StructureDefinition:extension"/>
      </extension>
      <reference>
        <reference value="StructureDefinition/endpoint-reference"/>
      </reference>
      <name value="NDH Practitioner Endpoint Reference"/>
      <description value="The technical details of an endpoint that can be used for electronic services"/>
      <exampleBoolean value="false"/>
    </resource>
    <resource>
      <extension url="http://hl7.org/fhir/tools/StructureDefinition/resource-information">
        <valueString value="StructureDefinition:extension"/>
      </extension>
      <reference>
        <reference value="StructureDefinition/endpointType"/>
      </reference>
      <name value="Endpoint Type"/>
      <description value="Type of Endpoint"/>
      <exampleBoolean value="false"/>
    </resource>
    <resource>
      <extension url="http://hl7.org/fhir/tools/StructureDefinition/resource-information">
        <valueString value="StructureDefinition:extension"/>
      </extension>
      <reference>
        <reference value="StructureDefinition/endpoint-usecase"/>
      </reference>
      <name value="Endpoint Usecase"/>
      <description value="EndpointUseCase is an enumeration of the specific use cases (service descriptions) supported by the endpoint"/>
      <exampleBoolean value="false"/>
    </resource>
    <resource>
      <extension url="http://hl7.org/fhir/tools/StructureDefinition/resource-information">
        <valueString value="StructureDefinition:extension"/>
      </extension>
      <reference>
        <reference value="StructureDefinition/fundingSource"/>
      </reference>
      <name value="Funding Source"/>
      <description value="The sources of funding for a service or organization"/>
      <exampleBoolean value="false"/>
    </resource>
    <resource>
      <extension url="http://hl7.org/fhir/tools/StructureDefinition/resource-information">
        <valueString value="StructureDefinition:extension"/>
      </extension>
      <reference>
        <reference value="StructureDefinition/healthcareservice-reference"/>
      </reference>
      <name value="NDH Healthcareservice Reference"/>
      <description value="Reference to healthcareservice resource"/>
      <exampleBoolean value="false"/>
    </resource>
    <resource>
      <extension url="http://hl7.org/fhir/tools/StructureDefinition/resource-information">
        <valueString value="StructureDefinition:extension"/>
      </extension>
      <reference>
        <reference value="StructureDefinition/igsSupported"/>
      </reference>
      <name value="IGs Supported"/>
      <description value="IGs Supported document the different types of IGs supported by the Endpoint."/>
      <exampleBoolean value="false"/>
    </resource>
    <resource>
      <extension url="http://hl7.org/fhir/tools/StructureDefinition/resource-information">
        <valueString value="StructureDefinition:extension"/>
      </extension>
      <reference>
        <reference value="StructureDefinition/identifier-status"/>
      </reference>
      <name value="NDH Identifier Status"/>
      <description value="Describes the status of an identifier"/>
      <exampleBoolean value="false"/>
    </resource>
    <resource>
      <extension url="http://hl7.org/fhir/tools/StructureDefinition/resource-information">
        <valueString value="StructureDefinition:extension"/>
      </extension>
      <reference>
        <reference value="StructureDefinition/location-reference"/>
      </reference>
      <name value="Location Reference"/>
      <description value="A reference to a Location resource (NDH-Location) defining the coverage area of a health insurance provider network"/>
      <exampleBoolean value="false"/>
    </resource>
    <resource>
      <extension url="http://hl7.org/fhir/tools/StructureDefinition/resource-information">
        <valueString value="StructureDefinition:extension"/>
      </extension>
      <reference>
        <reference value="StructureDefinition/network-reference"/>
      </reference>
      <name value="Network Reference"/>
      <description value="A reference to the healthcare provider insurance networks (NdhNetwork) the practitioner participates in through their role"/>
      <exampleBoolean value="false"/>
    </resource>
    <resource>
      <extension url="http://hl7.org/fhir/tools/StructureDefinition/resource-information">
        <valueString value="StructureDefinition:extension"/>
      </extension>
      <reference>
        <reference value="StructureDefinition/newpatients"/>
      </reference>
      <name value="New Patients"/>
      <description value="New Patients indicates whether new patients are being accepted in general, or from a specific network.   &#xD;&#xA;              This extension is included in the PractitionerRole, HealthcareService, and Location profiles.  &#xD;&#xA;              This provides needed flexibility for specifying whether a provider accepts new patients by location and network."/>
      <exampleBoolean value="false"/>
    </resource>
    <resource>
      <extension url="http://hl7.org/fhir/tools/StructureDefinition/resource-information">
        <valueString value="StructureDefinition:extension"/>
      </extension>
      <reference>
        <reference value="StructureDefinition/org-description"/>
      </reference>
      <name value="Org Description"/>
      <description value="An extension to provide a human-readable description of an organization"/>
      <exampleBoolean value="false"/>
    </resource>
    <resource>
      <extension url="http://hl7.org/fhir/tools/StructureDefinition/resource-information">
        <valueString value="StructureDefinition:extension"/>
      </extension>
      <reference>
        <reference value="StructureDefinition/paymentAccepted"/>
      </reference>
      <name value="Payment Accepted"/>
      <description value="Methods of payment that can be used for a healthcare service"/>
      <exampleBoolean value="false"/>
    </resource>
    <resource>
      <extension url="http://hl7.org/fhir/tools/StructureDefinition/resource-information">
        <valueString value="StructureDefinition:extension"/>
      </extension>
      <reference>
        <reference value="StructureDefinition/practitioner-qualification"/>
      </reference>
      <name value="Practitioner Qualification"/>
      <description value="An extension to add status and whereValid elements to a practitioner’s qualifications."/>
      <exampleBoolean value="false"/>
    </resource>
    <resource>
      <extension url="http://hl7.org/fhir/tools/StructureDefinition/resource-information">
        <valueString value="StructureDefinition:extension"/>
      </extension>
      <reference>
        <reference value="StructureDefinition/rating"/>
      </reference>
      <name value="Rating"/>
      <description value="Rating"/>
      <exampleBoolean value="false"/>
    </resource>
    <resource>
      <extension url="http://hl7.org/fhir/tools/StructureDefinition/resource-information">
        <valueString value="StructureDefinition:extension"/>
      </extension>
      <reference>
        <reference value="StructureDefinition/requiredDocument"/>
      </reference>
      <name value="Required Document"/>
      <description value="Documents that are required in order to access or use services (eg. Gov't issued ID, passport)"/>
      <exampleBoolean value="false"/>
    </resource>
    <resource>
      <extension url="http://hl7.org/fhir/tools/StructureDefinition/resource-information">
        <valueString value="StructureDefinition:extension"/>
      </extension>
      <reference>
        <reference value="StructureDefinition/secureEndpoint"/>
      </reference>
      <name value="Secure Endpoint"/>
      <description value="Is the Endpoint Secured"/>
      <exampleBoolean value="false"/>
    </resource>
    <resource>
      <extension url="http://hl7.org/fhir/tools/StructureDefinition/resource-information">
        <valueString value="StructureDefinition:extension"/>
      </extension>
      <reference>
        <reference value="StructureDefinition/secureExchangeArtifacts"/>
      </reference>
      <name value="Secure Exchange Artifacts"/>
      <description value="Secure Exchange Artifacts"/>
      <exampleBoolean value="false"/>
    </resource>
    <resource>
      <extension url="http://hl7.org/fhir/tools/StructureDefinition/resource-information">
        <valueString value="StructureDefinition:extension"/>
      </extension>
      <reference>
        <reference value="StructureDefinition/trustFramework"/>
      </reference>
      <name value="Trust Framework"/>
      <description value="Trust Framework"/>
      <exampleBoolean value="false"/>
    </resource>
    <resource>
      <extension url="http://hl7.org/fhir/tools/StructureDefinition/resource-information">
        <valueString value="StructureDefinition:extension"/>
      </extension>
      <reference>
        <reference value="StructureDefinition/usage-restriction"/>
      </reference>
      <name value="NDH Usage Restriction"/>
      <description value="The FHIR specification contains a security meta tag which can be used to inform systems of the sensitivity of resources, as well as by access control &#xA;mechanisms to ensure content isn't exposed that shouldn't be. This mechanism only goes to the resource level, this reference to a usage-restriction (consent) extends &#xA;this further into the resource, and can be applied to any element, and may apply to all properties beneath the element (e.g. If applied to an identifier on a practitioner, &#xA;then all the properties of the identifier should not be exposed unless it is understood) This will be expected to be used as a modifier extension."/>
      <exampleBoolean value="false"/>
    </resource>
    <resource>
      <extension url="http://hl7.org/fhir/tools/StructureDefinition/resource-information">
        <valueString value="StructureDefinition:extension"/>
      </extension>
      <reference>
        <reference value="StructureDefinition/via-intermediary"/>
      </reference>
      <name value="Via Intermediary"/>
      <description value="A reference to an alternative point of contact (NdhPractitionerRole, NdhOrganization, NdhOrganizationAffiliation, or NdhLocation) for this organization"/>
      <exampleBoolean value="false"/>
    </resource>
    <resource>
      <extension url="http://hl7.org/fhir/tools/StructureDefinition/resource-information">
        <valueString value="ValueSet"/>
      </extension>
      <reference>
        <reference value="ValueSet/AcceptingPatientsVS"/>
      </reference>
      <name value="Accepting Patients Codes Value Set"/>
      <description value="Codes to identify if the practice is accepting new patients"/>
      <exampleBoolean value="false"/>
    </resource>
    <resource>
      <extension url="http://hl7.org/fhir/tools/StructureDefinition/resource-information">
        <valueString value="ValueSet"/>
      </extension>
      <reference>
        <reference value="ValueSet/AccessibilityVS"/>
      </reference>
      <name value="Accessibility Value Set"/>
      <description value="Codes for documenting general categories of accommodations available"/>
      <exampleBoolean value="false"/>
    </resource>
    <resource>
      <extension url="http://hl7.org/fhir/tools/StructureDefinition/resource-information">
        <valueString value="ValueSet"/>
      </extension>
      <reference>
        <reference value="ValueSet/DeliveryMethodVS"/>
      </reference>
      <name value="Delivery Methods Value Set"/>
      <description value="Codes for documenting delivery methods"/>
      <exampleBoolean value="false"/>
    </resource>
    <resource>
      <extension url="http://hl7.org/fhir/tools/StructureDefinition/resource-information">
        <valueString value="ValueSet"/>
      </extension>
      <reference>
        <reference value="ValueSet/EndpointConnectionTypeVS"/>
      </reference>
      <name value="Endpoint Connection Types Value Set"/>
      <description value="Endpoint Connection Types"/>
      <exampleBoolean value="false"/>
    </resource>
    <resource>
      <extension url="http://hl7.org/fhir/tools/StructureDefinition/resource-information">
        <valueString value="ValueSet"/>
      </extension>
      <reference>
        <reference value="ValueSet/EndpointPayloadTypeVS"/>
      </reference>
      <name value="Endpoint Payload Type Value Set"/>
      <description value="Endpoint Payload Types are constrained to NA (Not Applicable) as part of this IG"/>
      <exampleBoolean value="false"/>
    </resource>
    <resource>
      <extension url="http://hl7.org/fhir/tools/StructureDefinition/resource-information">
        <valueString value="ValueSet"/>
      </extension>
      <reference>
        <reference value="ValueSet/EndpointTypeVS"/>
      </reference>
      <name value="Endpoint Type Value Set"/>
      <description value="Codes to identify Endpoint Type"/>
      <exampleBoolean value="false"/>
    </resource>
    <resource>
      <extension url="http://hl7.org/fhir/tools/StructureDefinition/resource-information">
        <valueString value="ValueSet"/>
      </extension>
      <reference>
        <reference value="ValueSet/EndpointUsecaseVS"/>
      </reference>
      <name value="Endpoint Usecases Value Set"/>
      <description value="Codes for documenting business use case by a general grouping by business area."/>
      <exampleBoolean value="false"/>
    </resource>
    <resource>
      <extension url="http://hl7.org/fhir/tools/StructureDefinition/resource-information">
        <valueString value="ValueSet"/>
      </extension>
      <reference>
        <reference value="ValueSet/HealthcareServiceCategoryVS"/>
      </reference>
      <name value="Healthcare Service Category Value Set"/>
      <description value="Broad categories of healthcare services being performed or delivered."/>
      <exampleBoolean value="false"/>
    </resource>
    <resource>
      <extension url="http://hl7.org/fhir/tools/StructureDefinition/resource-information">
        <valueString value="ValueSet"/>
      </extension>
      <reference>
        <reference value="ValueSet/HealthcareServiceTypeVS"/>
      </reference>
      <name value="HealthcareService Type Value Set"/>
      <description value="HealthCareService type Value Set"/>
      <exampleBoolean value="false"/>
    </resource>
    <resource>
      <extension url="http://hl7.org/fhir/tools/StructureDefinition/resource-information">
        <valueString value="ValueSet"/>
      </extension>
      <reference>
        <reference value="ValueSet/IdentifierStatusVS"/>
      </reference>
      <name value="Identifier Status Value Set"/>
      <description value="Codes for Identifier Status"/>
      <exampleBoolean value="false"/>
    </resource>
    <resource>
      <extension url="http://hl7.org/fhir/tools/StructureDefinition/resource-information">
        <valueString value="ValueSet"/>
      </extension>
      <reference>
        <reference value="ValueSet/IgTypeVS"/>
      </reference>
      <name value="IG Type Value Set"/>
      <description value="Codes to identify IG Type"/>
      <exampleBoolean value="false"/>
    </resource>
    <resource>
      <extension url="http://hl7.org/fhir/tools/StructureDefinition/resource-information">
        <valueString value="ValueSet"/>
      </extension>
      <reference>
        <reference value="ValueSet/IndividualAndGroupSpecialtiesVS"/>
      </reference>
      <name value="Individual and Group Specialties"/>
      <description value="Individual and Group Specialties from National Uniform Claim Committee (NUCC) Health Care Provider Taxonomy code set."/>
      <exampleBoolean value="false"/>
    </resource>
    <resource>
      <extension url="http://hl7.org/fhir/tools/StructureDefinition/resource-information">
        <valueString value="ValueSet"/>
      </extension>
      <reference>
        <reference value="ValueSet/IndividualSpecialtyAndDegreeLicenseCertificateVS"/>
      </reference>
      <name value="Individual Specialties, Degrees, Licenses, and Certificates Value Set"/>
      <description value="Individual Specialties, Degrees, Licenses, and Certificates"/>
      <exampleBoolean value="false"/>
    </resource>
    <resource>
      <extension url="http://hl7.org/fhir/tools/StructureDefinition/resource-information">
        <valueString value="ValueSet"/>
      </extension>
      <reference>
        <reference value="ValueSet/InsurancePlanTypeVS"/>
      </reference>
      <name value="Insurance Plan Type Value Set"/>
      <description value="Categories of cost-sharing used by plans"/>
      <exampleBoolean value="false"/>
    </resource>
    <resource>
      <extension url="http://hl7.org/fhir/tools/StructureDefinition/resource-information">
        <valueString value="ValueSet"/>
      </extension>
      <reference>
        <reference value="ValueSet/InsuranceProductTypeVS"/>
      </reference>
      <name value="Insurance Product Type Value Set"/>
      <description value="A distinct package of health insurance coverage benefits that are offered using a particular product network type"/>
      <exampleBoolean value="false"/>
    </resource>
    <resource>
      <extension url="http://hl7.org/fhir/tools/StructureDefinition/resource-information">
        <valueString value="ValueSet"/>
      </extension>
      <reference>
        <reference value="ValueSet/LanguageProficiencyVS"/>
      </reference>
      <name value="Language Proficiency Value Set"/>
      <description value="Codes for documenting spoken language proficiency based on the Interagency Language Roundtable scale of abilities to communicate in a language"/>
      <exampleBoolean value="false"/>
    </resource>
    <resource>
      <extension url="http://hl7.org/fhir/tools/StructureDefinition/resource-information">
        <valueString value="ValueSet"/>
      </extension>
      <reference>
        <reference value="ValueSet/MinEndpointConnectionTypeVS"/>
      </reference>
      <name value="Minimum Endpoint Connection Types Value Set"/>
      <description value="Minimum Endpoint Connection Types"/>
      <exampleBoolean value="false"/>
    </resource>
    <resource>
      <extension url="http://hl7.org/fhir/tools/StructureDefinition/resource-information">
        <valueString value="ValueSet"/>
      </extension>
      <reference>
        <reference value="ValueSet/NetworkTypeVS"/>
      </reference>
      <name value="Network Type Value Set"/>
      <description value="Single value describing networks."/>
      <exampleBoolean value="false"/>
    </resource>
    <resource>
      <extension url="http://hl7.org/fhir/tools/StructureDefinition/resource-information">
        <valueString value="ValueSet"/>
      </extension>
      <reference>
        <reference value="ValueSet/NonIndividualSpecialtiesVS"/>
      </reference>
      <name value="Non-Individual Specialties"/>
      <description value="Non-Individual Specialties from National Uniform Claim Committee (NUCC) Health Care Provider Taxonomy code set."/>
      <exampleBoolean value="false"/>
    </resource>
    <resource>
      <extension url="http://hl7.org/fhir/tools/StructureDefinition/resource-information">
        <valueString value="ValueSet"/>
      </extension>
      <reference>
        <reference value="ValueSet/NonIndividualSpecialtyAndDegreeLicenseCertificateVS"/>
      </reference>
      <name value="Non-Individual Specialties, Degrees, Licenses, and Certificates Value Set"/>
      <description value="Non-Individual Specialties, Degrees, Licenses, and Certificates"/>
      <exampleBoolean value="false"/>
    </resource>
    <resource>
      <extension url="http://hl7.org/fhir/tools/StructureDefinition/resource-information">
        <valueString value="ValueSet"/>
      </extension>
      <reference>
        <reference value="ValueSet/OrgAliasTypeVS"/>
      </reference>
      <name value="Organization Alias Typ Value Sete"/>
      <description value="Categories of an organization's Alias based on criteria in provider directories."/>
      <exampleBoolean value="false"/>
    </resource>
    <resource>
      <extension url="http://hl7.org/fhir/tools/StructureDefinition/resource-information">
        <valueString value="ValueSet"/>
      </extension>
      <reference>
        <reference value="ValueSet/OrgTypeVS"/>
      </reference>
      <name value="Organization Type Value Set"/>
      <description value="Categories of organizations based on criteria in provider directories."/>
      <exampleBoolean value="false"/>
    </resource>
    <resource>
      <extension url="http://hl7.org/fhir/tools/StructureDefinition/resource-information">
        <valueString value="ValueSet"/>
      </extension>
      <reference>
        <reference value="ValueSet/OrganizationAffiliationRoleVS"/>
      </reference>
      <name value="OrganizationAffiliation Roles"/>
      <description value="Value Set for Organization Affiliation Roles"/>
      <exampleBoolean value="false"/>
    </resource>
    <resource>
      <extension url="http://hl7.org/fhir/tools/StructureDefinition/resource-information">
        <valueString value="ValueSet"/>
      </extension>
      <reference>
        <reference value="ValueSet/PractitionerRoleVS"/>
      </reference>
      <name value="PractitionerRole Code Value Set"/>
      <description value="Codes for the capabilities that an individual, group, or organization is acknowledged to have in a payer network, including general codes from the HL7 PractitionerRole Code System"/>
      <exampleBoolean value="false"/>
    </resource>
    <resource>
      <extension url="http://hl7.org/fhir/tools/StructureDefinition/resource-information">
        <valueString value="ValueSet"/>
      </extension>
      <reference>
        <reference value="ValueSet/QualificationStatusVS"/>
      </reference>
      <name value="Qualification Status Value Set"/>
      <description value="The state indicating if a qualification is currently valid."/>
      <exampleBoolean value="false"/>
    </resource>
    <resource>
      <extension url="http://hl7.org/fhir/tools/StructureDefinition/resource-information">
        <valueString value="ValueSet"/>
      </extension>
      <reference>
        <reference value="ValueSet/SpecialtiesVS"/>
      </reference>
      <name value="Specialties Value Set"/>
      <description value="Specialties value set based on National Uniform Claim Committee (NUCC) Health Care Provider Taxonomy code set"/>
      <exampleBoolean value="false"/>
    </resource>
    <resource>
      <extension url="http://hl7.org/fhir/tools/StructureDefinition/resource-information">
        <valueString value="ValueSet"/>
      </extension>
      <reference>
        <reference value="ValueSet/SpecialtyAndDegreeLicenseCertificateVS"/>
      </reference>
      <name value="Specialties, Degrees, Licenses, and Certificates Value Set"/>
      <description value="Specialties and Degree License and Certificates"/>
      <exampleBoolean value="false"/>
    </resource>
    <resource>
      <extension url="http://hl7.org/fhir/tools/StructureDefinition/resource-information">
        <valueString value="ValueSet"/>
      </extension>
      <reference>
        <reference value="ValueSet/TrustFrameworkTypeVS"/>
      </reference>
      <name value="Trust Framework Type Value Set"/>
      <description value="Trust Framework Type"/>
      <exampleBoolean value="false"/>
    </resource>
    <resource>
      <extension url="http://hl7.org/fhir/tools/StructureDefinition/resource-information">
        <valueString value="ValueSet"/>
      </extension>
      <reference>
        <reference value="ValueSet/ValidationProcessVS"/>
      </reference>
      <name value="Validation Type Value Set"/>
      <description value="Codes to identify Validation Type"/>
      <exampleBoolean value="false"/>
    </resource>
    <resource>
      <extension url="http://hl7.org/fhir/tools/StructureDefinition/resource-information">
        <valueString value="ValueSet"/>
      </extension>
      <reference>
        <reference value="ValueSet/VirtualModalitiesVS"/>
      </reference>
      <name value="Virtual Modalities Value Set"/>
      <description value="Codes for virtual service delivery modalities"/>
      <exampleBoolean value="false"/>
    </resource>
    <resource>
      <extension url="http://hl7.org/fhir/tools/StructureDefinition/resource-information">
        <valueString value="CodeSystem"/>
      </extension>
      <reference>
        <reference value="CodeSystem/AcceptingPatientsCS"/>
      </reference>
      <name value="Accepting Patients Codes Code System"/>
      <description value="Codes to identify if the practice is accepting new patients"/>
      <exampleBoolean value="false"/>
    </resource>
    <resource>
      <extension url="http://hl7.org/fhir/tools/StructureDefinition/resource-information">
        <valueString value="CodeSystem"/>
      </extension>
      <reference>
        <reference value="CodeSystem/AccessibilityCS"/>
      </reference>
      <name value="Accessibility Code System"/>
      <description value="General categories of accommodations available."/>
      <exampleBoolean value="false"/>
    </resource>
    <resource>
      <extension url="http://hl7.org/fhir/tools/StructureDefinition/resource-information">
        <valueString value="CodeSystem"/>
      </extension>
      <reference>
        <reference value="CodeSystem/CredentialStatusCS"/>
      </reference>
      <name value="Credential Status Code System"/>
      <description value="This code system contains codes for indicating the status of a credential, such as an identifier or qualification."/>
      <exampleBoolean value="false"/>
    </resource>
    <resource>
      <extension url="http://hl7.org/fhir/tools/StructureDefinition/resource-information">
        <valueString value="CodeSystem"/>
      </extension>
      <reference>
        <reference value="CodeSystem/DeliveryMethodCS"/>
      </reference>
      <name value="Delivery Methods Code System"/>
      <description value="Categories of healthcare service delivery methods."/>
      <exampleBoolean value="false"/>
    </resource>
    <resource>
      <extension url="http://hl7.org/fhir/tools/StructureDefinition/resource-information">
        <valueString value="CodeSystem"/>
      </extension>
      <reference>
        <reference value="CodeSystem/EndpointConnectionTypeCS"/>
      </reference>
      <name value="Endpoint Connection Types (additional) Code System"/>
      <description value="Extension codes for http://terminology.hl7.org/CodeSystem/endpoint-connection-type"/>
      <exampleBoolean value="false"/>
    </resource>
    <resource>
      <extension url="http://hl7.org/fhir/tools/StructureDefinition/resource-information">
        <valueString value="CodeSystem"/>
      </extension>
      <reference>
        <reference value="CodeSystem/EndpointPayloadTypeCS"/>
      </reference>
      <name value="Endpoint Payload Types Code System"/>
      <description value="Endpoint Payload Types are constrained to NA (Not Applicable) as part of this IG"/>
      <exampleBoolean value="false"/>
    </resource>
    <resource>
      <extension url="http://hl7.org/fhir/tools/StructureDefinition/resource-information">
        <valueString value="CodeSystem"/>
      </extension>
      <reference>
        <reference value="CodeSystem/EndpointTypeCS"/>
      </reference>
      <name value="Endpoint Type Code System"/>
      <description value="Endpoint Type"/>
      <exampleBoolean value="false"/>
    </resource>
    <resource>
      <extension url="http://hl7.org/fhir/tools/StructureDefinition/resource-information">
        <valueString value="CodeSystem"/>
      </extension>
      <reference>
        <reference value="CodeSystem/HealthcareServiceCategoryCS"/>
      </reference>
      <name value="Healthcare Service Category Code System"/>
      <description value="Broad categories of healthcare services being performed or delivered"/>
      <exampleBoolean value="false"/>
    </resource>
    <resource>
      <extension url="http://hl7.org/fhir/tools/StructureDefinition/resource-information">
        <valueString value="CodeSystem"/>
      </extension>
      <reference>
        <reference value="CodeSystem/IgTypeCS"/>
      </reference>
      <name value="IG Type Code System"/>
      <description value="IG Type"/>
      <exampleBoolean value="false"/>
    </resource>
    <resource>
      <extension url="http://hl7.org/fhir/tools/StructureDefinition/resource-information">
        <valueString value="CodeSystem"/>
      </extension>
      <reference>
        <reference value="CodeSystem/InsurancePlanTypeCS"/>
      </reference>
      <name value="Insurance Plan Type Code System"/>
      <description value="Categories of cost-sharing used by plans"/>
      <exampleBoolean value="false"/>
    </resource>
    <resource>
      <extension url="http://hl7.org/fhir/tools/StructureDefinition/resource-information">
        <valueString value="CodeSystem"/>
      </extension>
      <reference>
        <reference value="CodeSystem/InsuranceProductTypeCS"/>
      </reference>
      <name value="Insurance Product Type Code System"/>
      <description value="A distinct package of health insurance coverage benefits that are offered using a particular product network type."/>
      <exampleBoolean value="false"/>
    </resource>
    <resource>
      <extension url="http://hl7.org/fhir/tools/StructureDefinition/resource-information">
        <valueString value="CodeSystem"/>
      </extension>
      <reference>
        <reference value="CodeSystem/LanguageProficiencyCS"/>
      </reference>
      <name value="Language Proficiency Code System"/>
      <description value="Codes for documenting spoken language proficiency based on the Interagency Language Roundtable scale of abilities to communicate in a language."/>
      <exampleBoolean value="false"/>
    </resource>
    <resource>
      <extension url="http://hl7.org/fhir/tools/StructureDefinition/resource-information">
        <valueString value="CodeSystem"/>
      </extension>
      <reference>
        <reference value="CodeSystem/OrgAliasTypeCS"/>
      </reference>
      <name value="Organization Alias Type Code System"/>
      <description value="The state indicating if an Organization has an alias."/>
      <exampleBoolean value="false"/>
    </resource>
    <resource>
      <extension url="http://hl7.org/fhir/tools/StructureDefinition/resource-information">
        <valueString value="CodeSystem"/>
      </extension>
      <reference>
        <reference value="CodeSystem/OrgTypeCS"/>
      </reference>
      <name value="Organization Type Code System"/>
      <description value="Categories of organizations based on criteria in provider directories."/>
      <exampleBoolean value="false"/>
    </resource>
    <resource>
      <extension url="http://hl7.org/fhir/tools/StructureDefinition/resource-information">
        <valueString value="CodeSystem"/>
      </extension>
      <reference>
        <reference value="CodeSystem/OrganizationAffiliationRoleCS"/>
      </reference>
      <name value="Organization Affiliation Role"/>
      <description value="Codes For Organization Affiliation Role"/>
      <exampleBoolean value="false"/>
    </resource>
    <resource>
      <extension url="http://hl7.org/fhir/tools/StructureDefinition/resource-information">
        <valueString value="CodeSystem"/>
      </extension>
      <reference>
        <reference value="CodeSystem/ProviderRoleCS"/>
      </reference>
      <name value="Provider Role Codes Code System"/>
      <description value="A capability that an individual, group, or organization is acknowledged to have in a payer network."/>
      <exampleBoolean value="false"/>
    </resource>
    <resource>
      <extension url="http://hl7.org/fhir/tools/StructureDefinition/resource-information">
        <valueString value="CodeSystem"/>
      </extension>
      <reference>
        <reference value="CodeSystem/QualificationStatusCS"/>
      </reference>
      <name value="Qualification Status Code System"/>
      <description value="The state indicating if a qualification is currently valid."/>
      <exampleBoolean value="false"/>
    </resource>
    <resource>
      <extension url="http://hl7.org/fhir/tools/StructureDefinition/resource-information">
        <valueString value="CodeSystem"/>
      </extension>
      <reference>
        <reference value="CodeSystem/TrustFrameworkTypeCS"/>
      </reference>
      <name value="Trust FrameworkType Code System"/>
      <description value="Trust Framework Type"/>
      <exampleBoolean value="false"/>
    </resource>
    <resource>
      <extension url="http://hl7.org/fhir/tools/StructureDefinition/resource-information">
        <valueString value="CodeSystem"/>
      </extension>
      <reference>
        <reference value="CodeSystem/ValidationTypeCS"/>
      </reference>
      <name value="Validation Type Code System"/>
      <description value="This code system contains codes for documenting the attributes of the FHIR resource Validation to reflect the business process of validating information in a Healthcare Directory.."/>
      <exampleBoolean value="false"/>
    </resource>
    <resource>
      <extension url="http://hl7.org/fhir/tools/StructureDefinition/resource-information">
        <valueString value="CodeSystem"/>
      </extension>
      <reference>
        <reference value="CodeSystem/VirtualModalitiesCS"/>
      </reference>
      <name value="Virtual Modalities Code System"/>
      <description value="Categories of virtual service delivery modalities."/>
      <exampleBoolean value="false"/>
    </resource>
    <page>
      <extension url="http://hl7.org/fhir/tools/StructureDefinition/ig-page-name">
        <valueUrl value="toc.html"/>
      </extension>
      <nameUrl value="toc.html"/>
      <title value="Table of Contents"/>
      <generation value="html"/>
      <page>
        <extension url="http://hl7.org/fhir/tools/StructureDefinition/ig-page-name">
          <valueUrl value="index.html"/>
        </extension>
        <nameUrl value="index.html"/>
        <title value="Home"/>
        <generation value="markdown"/>
      </page>
      <page>
        <extension url="http://hl7.org/fhir/tools/StructureDefinition/ig-page-name">
          <valueUrl value="base-artifacts.html"/>
        </extension>
        <nameUrl value="base-artifacts.html"/>
        <title value="Base Artifacts"/>
        <generation value="markdown"/>
      </page>
      <page>
        <extension url="http://hl7.org/fhir/tools/StructureDefinition/ig-page-name">
          <valueUrl value="exchange-use-cases.html"/>
        </extension>
        <nameUrl value="exchange-use-cases.html"/>
        <title value="Exchange Use Cases"/>
        <generation value="markdown"/>
      </page>
      <page>
        <extension url="http://hl7.org/fhir/tools/StructureDefinition/ig-page-name">
          <valueUrl value="exchange-flow-diagrams.html"/>
        </extension>
        <nameUrl value="exchange-flow-diagrams.html"/>
        <title value="Exchange Flow Diagrams"/>
        <generation value="markdown"/>
      </page>
      <page>
        <extension url="http://hl7.org/fhir/tools/StructureDefinition/ig-page-name">
          <valueUrl value="exchange-ig.html"/>
        </extension>
        <nameUrl value="exchange-ig.html"/>
        <title value="Exchange Implementation Guide"/>
        <generation value="markdown"/>
      </page>
      <page>
        <extension url="http://hl7.org/fhir/tools/StructureDefinition/ig-page-name">
          <valueUrl value="exchange-artifacts.html"/>
        </extension>
        <nameUrl value="exchange-artifacts.html"/>
        <title value="Exchange Artifacts"/>
        <generation value="markdown"/>
      </page>
      <page>
        <extension url="http://hl7.org/fhir/tools/StructureDefinition/ig-page-name">
          <valueUrl value="exchange-capability.html"/>
        </extension>
        <nameUrl value="exchange-capability.html"/>
        <title value="Exchange Capability Satement"/>
        <generation value="markdown"/>
      </page>
      <page>
        <extension url="http://hl7.org/fhir/tools/StructureDefinition/ig-page-name">
          <valueUrl value="exchange-examples.html"/>
        </extension>
        <nameUrl value="exchange-examples.html"/>
        <title value="Exchange Examples"/>
        <generation value="markdown"/>
      </page>
      <page>
        <extension url="http://hl7.org/fhir/tools/StructureDefinition/ig-page-name">
          <valueUrl value="attestation-use-cases.html"/>
        </extension>
        <nameUrl value="attestation-use-cases.html"/>
        <title value="Attestation Use Cases"/>
        <generation value="markdown"/>
      </page>
      <page>
        <extension url="http://hl7.org/fhir/tools/StructureDefinition/ig-page-name">
          <valueUrl value="attestation-flow-diagrams.html"/>
        </extension>
        <nameUrl value="attestation-flow-diagrams.html"/>
        <title value="Attestation Flow Diagrams"/>
        <generation value="markdown"/>
      </page>
      <page>
        <extension url="http://hl7.org/fhir/tools/StructureDefinition/ig-page-name">
          <valueUrl value="attestation-ig.html"/>
        </extension>
        <nameUrl value="attestation-ig.html"/>
        <title value="Attestation Implementation Guide"/>
        <generation value="markdown"/>
      </page>
      <page>
        <extension url="http://hl7.org/fhir/tools/StructureDefinition/ig-page-name">
          <valueUrl value="attestation-artifacts.html"/>
        </extension>
        <nameUrl value="attestation-artifacts.html"/>
        <title value="Attestation Artifacts"/>
        <generation value="markdown"/>
      </page>
      <page>
        <extension url="http://hl7.org/fhir/tools/StructureDefinition/ig-page-name">
          <valueUrl value="attestation-capability.html"/>
        </extension>
        <nameUrl value="attestation-capability.html"/>
        <title value="Attestation CapabilityStatement"/>
        <generation value="markdown"/>
      </page>
      <page>
        <extension url="http://hl7.org/fhir/tools/StructureDefinition/ig-page-name">
          <valueUrl value="attestation-examples.html"/>
        </extension>
        <nameUrl value="attestation-examples.html"/>
        <title value="Attestation Examples"/>
        <generation value="markdown"/>
      </page>
      <page>
        <extension url="http://hl7.org/fhir/tools/StructureDefinition/ig-page-name">
          <valueUrl value="verification-use-cases.html"/>
        </extension>
        <nameUrl value="verification-use-cases.html"/>
        <title value="Verification Use Cases"/>
        <generation value="markdown"/>
      </page>
      <page>
        <extension url="http://hl7.org/fhir/tools/StructureDefinition/ig-page-name">
          <valueUrl value="verification-flow-diagrams.html"/>
        </extension>
        <nameUrl value="verification-flow-diagrams.html"/>
        <title value="Verification Flow Diagrams"/>
        <generation value="markdown"/>
      </page>
      <page>
        <extension url="http://hl7.org/fhir/tools/StructureDefinition/ig-page-name">
          <valueUrl value="verification-ig.html"/>
        </extension>
        <nameUrl value="verification-ig.html"/>
        <title value="Verification Implementation Guide"/>
        <generation value="markdown"/>
      </page>
      <page>
        <extension url="http://hl7.org/fhir/tools/StructureDefinition/ig-page-name">
          <valueUrl value="verification-artifacts.html"/>
        </extension>
        <nameUrl value="verification-artifacts.html"/>
        <title value="Verification Artifacts"/>
        <generation value="markdown"/>
      </page>
      <page>
        <extension url="http://hl7.org/fhir/tools/StructureDefinition/ig-page-name">
          <valueUrl value="verification-capability.html"/>
        </extension>
        <nameUrl value="verification-capability.html"/>
        <title value="Verification CapabilityStatement"/>
        <generation value="markdown"/>
      </page>
      <page>
        <extension url="http://hl7.org/fhir/tools/StructureDefinition/ig-page-name">
          <valueUrl value="verification-examples.html"/>
        </extension>
        <nameUrl value="verification-examples.html"/>
        <title value="Verification Examples"/>
        <generation value="markdown"/>
      </page>
      <page>
        <extension url="http://hl7.org/fhir/tools/StructureDefinition/ig-page-name">
          <valueUrl value="distributed-query-use-cases.html"/>
        </extension>
        <nameUrl value="distributed-query-use-cases.html"/>
        <title value="Distributed Query Use Cases"/>
        <generation value="markdown"/>
      </page>
      <page>
        <extension url="http://hl7.org/fhir/tools/StructureDefinition/ig-page-name">
          <valueUrl value="distributed-query-flow-diagrams.html"/>
        </extension>
        <nameUrl value="distributed-query-flow-diagrams.html"/>
        <title value="Distributed Query Flow Diagrams"/>
        <generation value="markdown"/>
      </page>
      <page>
        <extension url="http://hl7.org/fhir/tools/StructureDefinition/ig-page-name">
          <valueUrl value="distributed-query-ig.html"/>
        </extension>
        <nameUrl value="distributed-query-ig.html"/>
        <title value="Distributed Query Implementation Guide"/>
        <generation value="markdown"/>
      </page>
      <page>
        <extension url="http://hl7.org/fhir/tools/StructureDefinition/ig-page-name">
          <valueUrl value="distributed-query-artifacts.html"/>
        </extension>
        <nameUrl value="distributed-query-artifacts.html"/>
        <title value="Distributed Query Artifacts"/>
        <generation value="markdown"/>
      </page>
      <page>
        <extension url="http://hl7.org/fhir/tools/StructureDefinition/ig-page-name">
          <valueUrl value="distributed-query-capability.html"/>
        </extension>
        <nameUrl value="distributed-query-capability.html"/>
        <title value="Distributed Query CapabilityStatement"/>
        <generation value="markdown"/>
      </page>
      <page>
        <extension url="http://hl7.org/fhir/tools/StructureDefinition/ig-page-name">
          <valueUrl value="distributed-query-examples.html"/>
        </extension>
        <nameUrl value="distributed-query-examples.html"/>
        <title value="Distributed Query Examples"/>
        <generation value="markdown"/>
      </page>
    </page>
    <parameter>
      <code value="path-resource"/>
      <value value="input/capabilities"/>
    </parameter>
    <parameter>
      <code value="path-resource"/>
      <value value="input/examples"/>
    </parameter>
    <parameter>
      <code value="path-resource"/>
      <value value="input/extensions"/>
    </parameter>
    <parameter>
      <code value="path-resource"/>
      <value value="input/models"/>
    </parameter>
    <parameter>
      <code value="path-resource"/>
      <value value="input/operations"/>
    </parameter>
    <parameter>
      <code value="path-resource"/>
      <value value="input/profiles"/>
    </parameter>
    <parameter>
      <code value="path-resource"/>
      <value value="input/resources"/>
    </parameter>
    <parameter>
      <code value="path-resource"/>
      <value value="input/vocabulary"/>
    </parameter>
    <parameter>
      <code value="path-resource"/>
      <value value="input/maps"/>
    </parameter>
    <parameter>
      <code value="path-resource"/>
      <value value="input/testing"/>
    </parameter>
    <parameter>
      <code value="path-resource"/>
      <value value="input/history"/>
    </parameter>
    <parameter>
      <code value="path-resource"/>
      <value value="fsh-generated/resources"/>
    </parameter>
    <parameter>
      <code value="path-pages"/>
      <value value="template/config"/>
    </parameter>
    <parameter>
      <code value="path-pages"/>
      <value value="input/images"/>
    </parameter>
    <parameter>
      <code value="path-tx-cache"/>
      <value value="input-cache/txcache"/>
    </parameter>
  </definition>
</ImplementationGuide>