<?xml version="1.0" encoding="UTF-8"?>

<SearchParameter xmlns="http://hl7.org/fhir">
  <id value="sp-practitioner-identifier-assigner"/>
  <text>
    <status value="generated"/><div xmlns="http://www.w3.org/1999/xhtml"><p><b>Generated Narrative: SearchParameter</b><a name="sp-practitioner-identifier-assigner"> </a></p><div style="display: inline-block; background-color: #d9e0e7; padding: 6px; margin: 4px; border: 1px solid #8da1b4; border-radius: 5px; line-height: 60%"><p style="margin-bottom: 0px">Resource SearchParameter "sp-practitioner-identifier-assigner" </p></div><p><b>url</b>: <code>http://hl7.org/fhir/us/ndh/SearchParameter/sp-practitioner-identifier-assigner</code></p><p><b>version</b>: 1.0.0</p><p><b>name</b>: Practitioner-identifier-assigner</p><p><b>status</b>: active</p><p><b>date</b>: 2022-11-04 11:24:16-0400</p><p><b>publisher</b>: HL7 International - Patient Administration Work Group</p><p><b>contact</b>: HL7 International - Patient Administration Work Group: <a href="http://hl7.org/Special/committees/pafm">http://hl7.org/Special/committees/pafm</a>,<a href="mailto:pafm@lists.hl7.org">pafm@lists.hl7.org</a></p><p><b>description</b>: Select Practitioners with an identifier issued by the specified organition</p><p><b>jurisdiction</b>: United States of America <span style="background: LightGoldenRodYellow; margin: 4px; border: 1px solid khaki"> (<a href="http://terminology.hl7.org/4.0.0/CodeSystem-ISO3166Part1.html">ISO 3166-1 Codes for the representation of names of countries and their subdivisions — Part 1: Country code</a>#US)</span></p><p><b>code</b>: identifier-assigner</p><p><b>base</b>: Practitioner</p><p><b>type</b>: reference</p><p><b>expression</b>: Practitioner.identifier.assigner</p><p><b>target</b>: Organization</p><p><b>multipleOr</b>: true</p><p><b>multipleAnd</b>: true</p></div>
  </text>
  <url value="http://hl7.org/fhir/us/ndh/SearchParameter/sp-practitioner-identifier-assigner"/>
  <version value="1.0.0"/>
  <name value="Practitioner-identifier-assigner"/>
  <status value="active"/>
  <date value="2022-11-04T11:24:16-04:00"/>
  <publisher value="HL7 International - Patient Administration Work Group"/>
  <contact>
    <name value="HL7 International - Patient Administration Work Group"/>
    <telecom>
      <system value="url"/>
      <value value="http://hl7.org/Special/committees/pafm"/>
    </telecom>
    <telecom>
      <system value="email"/>
      <value value="pafm@lists.hl7.org"/>
    </telecom>
  </contact>
  <description value="Select Practitioners with an identifier issued by the specified organition"/>
  <jurisdiction>
    <coding>
      <system value="urn:iso:std:iso:3166"/>
      <code value="US"/>
      <display value="United States of America"/>
    </coding>
  </jurisdiction>
  <code value="identifier-assigner"/>
  <base value="Practitioner"/>
  <type value="reference"/>
  <expression value="Practitioner.identifier.assigner"/>
  <target value="Organization"/>
  <multipleOr value="true"/>
  <multipleAnd value="true"/>
</SearchParameter>