<?xml version="1.0" encoding="UTF-8"?>

<ValueSet xmlns="http://hl7.org/fhir">
  <id value="EndpointPayloadTypeVS"/>
  <text>
    <status value="extensions"/><div xmlns="http://www.w3.org/1999/xhtml"><ul><li>Include these codes as defined in <a href="CodeSystem-EndpointPayloadTypeCS.html"><code>http://hl7.org/fhir/us/ndh/CodeSystem/EndpointPayloadTypeCS</code></a><table class="none"><tr><td style="white-space:nowrap"><b>Code</b></td><td><b>Display</b></td><td><b>Definition</b></td></tr><tr><td><a href="CodeSystem-EndpointPayloadTypeCS.html#EndpointPayloadTypeCS-NA">NA</a></td><td>Not Applicable</td><td>Not Applicable</td></tr></table></li></ul></div>
  </text>
  <url value="http://hl7.org/fhir/us/ndh/ValueSet/EndpointPayloadTypeVS"/>
  <version value="1.0.0"/>
  <name value="EndpointPayloadTypeVS"/>
  <title value="Endpoint Payload Type Value Set"/>
  <status value="active"/>
  <experimental value="false"/>
  <date value="2022-11-04T11:24:16-04:00"/>
  <publisher value="HL7 International - Patient Administration Work Group"/>
  <contact>
    <name value="HL7 International - Patient Administration Work Group"/>
    <telecom>
      <system value="url"/>
      <value value="http://hl7.org/Special/committees/pafm"/>
    </telecom>
    <telecom>
      <system value="email"/>
      <value value="pafm@lists.hl7.org"/>
    </telecom>
  </contact>
  <description value="Endpoint Payload Types are constrained to NA (Not Applicable) as part of this IG"/>
  <jurisdiction>
    <coding>
      <system value="urn:iso:std:iso:3166"/>
      <code value="US"/>
      <display value="United States of America"/>
    </coding>
  </jurisdiction>
  <compose>
    <include>
      <system value="http://hl7.org/fhir/us/ndh/CodeSystem/EndpointPayloadTypeCS"/>
      <concept>
        <code value="NA"/>
        <display value="Not Applicable"/>
      </concept>
    </include>
  </compose>
</ValueSet>