[
  {
    "id": "ndh-query-BasicEndpoint",
    "type": "CapabilityStatement",
    "url": "http://hl7.org/fhir/us/ndh/CapabilityStatement/ndh-query-BasicEndpoint",
    "version": "1.0.0",
    "name": "NDH Query Basic Endpoint Capability Statement"
  },
  {
    "id": "AcceptingPatientsCS",
    "type": "CodeSystem",
    "url": "http://hl7.org/fhir/us/ndh/CodeSystem/AcceptingPatientsCS",
    "version": "1.0.0",
    "name": "AcceptingPatientsCS"
  },
  {
    "id": "AccessibilityCS",
    "type": "CodeSystem",
    "url": "http://hl7.org/fhir/us/ndh/CodeSystem/AccessibilityCS",
    "version": "1.0.0",
    "name": "AccessibilityCS"
  },
  {
    "id": "CredentialStatusCS",
    "type": "CodeSystem",
    "url": "http://hl7.org/fhir/us/ndh/CodeSystem/CredentialStatusCS",
    "version": "1.0.0",
    "name": "CredentialStatusCS"
  },
  {
    "id": "DeliveryMethodCS",
    "type": "CodeSystem",
    "url": "http://hl7.org/fhir/us/ndh/CodeSystem/DeliveryMethodCS",
    "version": "1.0.0",
    "name": "DeliveryMethodCS"
  },
  {
    "id": "EndpointConnectionTypeCS",
    "type": "CodeSystem",
    "url": "http://hl7.org/fhir/us/ndh/CodeSystem/EndpointConnectionTypeCS",
    "version": "1.0.0",
    "name": "EndpointConnectionTypeCS"
  },
  {
    "id": "EndpointPayloadTypeCS",
    "type": "CodeSystem",
    "url": "http://hl7.org/fhir/us/ndh/CodeSystem/EndpointPayloadTypeCS",
    "version": "1.0.0",
    "name": "EndpointPayloadTypeCS"
  },
  {
    "id": "EndpointTypeCS",
    "type": "CodeSystem",
    "url": "http://hl7.org/fhir/us/ndh/CodeSystem/EndpointTypeCS",
    "version": "1.0.0",
    "name": "EndpointTypeCS"
  },
  {
    "id": "HealthcareServiceCategoryCS",
    "type": "CodeSystem",
    "url": "http://hl7.org/fhir/us/ndh/CodeSystem/HealthcareServiceCategoryCS",
    "version": "1.0.0",
    "name": "HealthcareServiceCategoryCS"
  },
  {
    "id": "IgTypeCS",
    "type": "CodeSystem",
    "url": "http://hl7.org/fhir/us/ndh/CodeSystem/IgTypeCS",
    "version": "1.0.0",
    "name": "IgTypeCS"
  },
  {
    "id": "InsurancePlanTypeCS",
    "type": "CodeSystem",
    "url": "http://hl7.org/fhir/us/ndh/CodeSystem/InsurancePlanTypeCS",
    "version": "1.0.0",
    "name": "InsurancePlanTypeCS"
  },
  {
    "id": "InsuranceProductTypeCS",
    "type": "CodeSystem",
    "url": "http://hl7.org/fhir/us/ndh/CodeSystem/InsuranceProductTypeCS",
    "version": "1.0.0",
    "name": "InsuranceProductTypeCS"
  },
  {
    "id": "LanguageProficiencyCS",
    "type": "CodeSystem",
    "url": "http://hl7.org/fhir/us/ndh/CodeSystem/LanguageProficiencyCS",
    "version": "1.0.0",
    "name": "LanguageProficiencyCS"
  },
  {
    "id": "OrgAliasTypeCS",
    "type": "CodeSystem",
    "url": "http://hl7.org/fhir/us/ndh/CodeSystem/OrgAliasTypeCS",
    "version": "1.0.0",
    "name": "OrgAliasTypeCS"
  },
  {
    "id": "OrgTypeCS",
    "type": "CodeSystem",
    "url": "http://hl7.org/fhir/us/ndh/CodeSystem/OrgTypeCS",
    "version": "1.0.0",
    "name": "OrgTypeCS"
  },
  {
    "id": "OrganizationAffiliationRoleCS",
    "type": "CodeSystem",
    "url": "http://hl7.org/fhir/us/ndh/CodeSystem/OrganizationAffiliationRoleCS",
    "version": "1.0.0",
    "name": "OrganizationAffiliationRoleCS"
  },
  {
    "id": "ProviderRoleCS",
    "type": "CodeSystem",
    "url": "http://hl7.org/fhir/us/ndh/CodeSystem/ProviderRoleCS",
    "version": "1.0.0",
    "name": "ProviderRoleCS"
  },
  {
    "id": "QualificationStatusCS",
    "type": "CodeSystem",
    "url": "http://hl7.org/fhir/us/ndh/CodeSystem/QualificationStatusCS",
    "version": "1.0.0",
    "name": "QualificationStatusCS"
  },
  {
    "id": "TrustFrameworkTypeCS",
    "type": "CodeSystem",
    "url": "http://hl7.org/fhir/us/ndh/CodeSystem/TrustFrameworkTypeCS",
    "version": "1.0.0",
    "name": "TrustFrameworkTypeCS"
  },
  {
    "id": "ValidationTypeCS",
    "type": "CodeSystem",
    "url": "http://hl7.org/fhir/us/ndh/CodeSystem/ValidationTypeCS",
    "version": "1.0.0",
    "name": "ValidationTypeCS"
  },
  {
    "id": "VirtualModalitiesCS",
    "type": "CodeSystem",
    "url": "http://hl7.org/fhir/us/ndh/CodeSystem/VirtualModalitiesCS",
    "version": "1.0.0",
    "name": "VirtualModalitiesCS"
  },
  {
    "id": "hl7.fhir.us.ndh",
    "type": "ImplementationGuide",
    "url": "http://hl7.org/fhir/us/ndh/ImplementationGuide/hl7.fhir.us.ndh",
    "version": "1.0.0",
    "name": "NDH"
  },
  {
    "id": "sp-careteam-endpoint",
    "type": "SearchParameter",
    "url": "http://hl7.org/fhir/us/ndh/SearchParameter/sp-careteam-endpoint",
    "version": "1.0.0",
    "name": "CareTeam-endpoint"
  },
  {
    "id": "sp-careteam-location",
    "type": "SearchParameter",
    "url": "http://hl7.org/fhir/us/ndh/SearchParameter/sp-careteam-location",
    "version": "1.0.0",
    "name": "CareTeam-location"
  },
  {
    "id": "sp-careteam-name",
    "type": "SearchParameter",
    "url": "http://hl7.org/fhir/us/ndh/SearchParameter/sp-careteam-name",
    "version": "1.0.0",
    "name": "CareTeam-service"
  },
  {
    "id": "sp-careteam-organization",
    "type": "SearchParameter",
    "url": "http://hl7.org/fhir/us/ndh/SearchParameter/sp-careteam-organization",
    "version": "1.0.0",
    "name": "CareTeam-organization"
  },
  {
    "id": "sp-careteam-service",
    "type": "SearchParameter",
    "url": "http://hl7.org/fhir/us/ndh/SearchParameter/sp-careteam-service",
    "version": "1.0.0",
    "name": "CareTeam-service"
  },
  {
    "id": "sp-endpoint-mime-type",
    "type": "SearchParameter",
    "url": "http://hl7.org/fhir/us/ndh/SearchParameter/sp-endpoint-mime-type",
    "version": "1.0.0",
    "name": "Endpoint-mine-type"
  },
  {
    "id": "sp-endpoint-organization",
    "type": "SearchParameter",
    "url": "http://hl7.org/fhir/us/ndh/SearchParameter/sp-endpoint-organization",
    "version": "1.0.0",
    "name": "Endpoint-organization"
  },
  {
    "id": "sp-endpoint-usecase-standard",
    "type": "SearchParameter",
    "url": "http://hl7.org/fhir/us/ndh/SearchParameter/sp-endpoint-usecase-standard",
    "version": "1.0.0",
    "name": "Endpoint-usecase-standard"
  },
  {
    "id": "sp-endpoint-usecase-type",
    "type": "SearchParameter",
    "url": "http://hl7.org/fhir/us/ndh/SearchParameter/sp-endpoint-usecase-type",
    "version": "1.0.0",
    "name": "Endpoint-usecase-type"
  },
  {
    "id": "sp-insuranceplan-coverage-area",
    "type": "SearchParameter",
    "url": "http://hl7.org/fhir/us/ndh/SearchParameter/sp-insuranceplan-coverage-area",
    "version": "1.0.0",
    "name": "Insurance-coverage-area"
  },
  {
    "id": "sp-insuranceplan-coverage-benefit-type",
    "type": "SearchParameter",
    "url": "http://hl7.org/fhir/us/ndh/SearchParameter/sp-insuranceplan-coverage-benefit-type",
    "version": "1.0.0",
    "name": "Insuranceplan-coverage-benefit-type"
  },
  {
    "id": "sp-insuranceplan-coverage-network",
    "type": "SearchParameter",
    "url": "http://hl7.org/fhir/us/ndh/SearchParameter/sp-insuranceplan-coverage-network",
    "version": "1.0.0",
    "name": "Insuranceplan-coverage-network"
  },
  {
    "id": "sp-locaion-physical-type",
    "type": "SearchParameter",
    "url": "http://hl7.org/fhir/us/ndh/SearchParameter/sp-locaion-physical-type",
    "version": "1.0.0",
    "name": "Location-physical-type"
  },
  {
    "id": "sp-network-coverage-area",
    "type": "SearchParameter",
    "url": "http://hl7.org/fhir/us/ndh/SearchParameter/sp-network-coverage-area",
    "version": "1.0.0",
    "name": "Network-coverage-area"
  },
  {
    "id": "sp-organization-endpoint",
    "type": "SearchParameter",
    "url": "http://hl7.org/fhir/us/ndh/SearchParameter/sp-organization-endpoint",
    "version": "1.0.0",
    "name": "Organization-endpoint"
  },
  {
    "id": "sp-practitioner-identifier-assigner",
    "type": "SearchParameter",
    "url": "http://hl7.org/fhir/us/ndh/SearchParameter/sp-practitioner-identifier-assigner",
    "version": "1.0.0",
    "name": "Practitioner-identifier-assigner"
  },
  {
    "id": "sp-practitioner-qualification-code",
    "type": "SearchParameter",
    "url": "http://hl7.org/fhir/us/ndh/SearchParameter/sp-practitioner-qualification-code",
    "version": "1.0.0",
    "name": "Practitioner-qualification-code"
  },
  {
    "id": "sp-practitioner-qualification-issuer",
    "type": "SearchParameter",
    "url": "http://hl7.org/fhir/us/ndh/SearchParameter/sp-practitioner-qualification-issuer",
    "version": "1.0.0",
    "name": "Practitioner-qualification-issuer"
  },
  {
    "id": "sp-practitionerrole-network",
    "type": "SearchParameter",
    "url": "http://hl7.org/fhir/us/ndh/SearchParameter/sp-practitionerrole-network",
    "version": "1.0.0",
    "name": "PractitionerRole-network"
  },
  {
    "id": "sp-verificationresult-attestation-who",
    "type": "SearchParameter",
    "url": "http://hl7.org/fhir/us/ndh/SearchParameter/sp-verificationresult-attestation-who",
    "version": "1.0.0",
    "name": "VerificationResult-attestation-who"
  },
  {
    "id": "sp-verificationresult-primarysource-who",
    "type": "SearchParameter",
    "url": "http://hl7.org/fhir/us/ndh/SearchParameter/sp-verificationresult-primarysource-who",
    "version": "1.0.0",
    "name": "VerificationResult-primarysource-who"
  },
  {
    "id": "base-ext-accessibility",
    "type": "StructureDefinition",
    "url": "http://hl7.org/fhir/us/ndh/StructureDefinition/base-ext-accessibility",
    "version": "1.0.0",
    "name": "Accessibility"
  },
  {
    "id": "base-ext-associatedServers",
    "type": "StructureDefinition",
    "url": "http://hl7.org/fhir/us/ndh/StructureDefinition/base-ext-associatedServers",
    "version": "1.0.0",
    "name": "AssociatedServers"
  },
  {
    "id": "base-ext-careteam-alias",
    "type": "StructureDefinition",
    "url": "http://hl7.org/fhir/us/ndh/StructureDefinition/base-ext-careteam-alias",
    "version": "1.0.0",
    "name": "CareteamAlias"
  },
  {
    "id": "base-ext-communication-proficiency",
    "type": "StructureDefinition",
    "url": "http://hl7.org/fhir/us/ndh/StructureDefinition/base-ext-communication-proficiency",
    "version": "1.0.0",
    "name": "CommunicationProficiency"
  },
  {
    "id": "base-ext-contactpoint-availabletime",
    "type": "StructureDefinition",
    "url": "http://hl7.org/fhir/us/ndh/StructureDefinition/base-ext-contactpoint-availabletime",
    "version": "1.0.0",
    "name": "ContactPointAvailableTime"
  },
  {
    "id": "base-ext-delivery-method",
    "type": "StructureDefinition",
    "url": "http://hl7.org/fhir/us/ndh/StructureDefinition/base-ext-delivery-method",
    "version": "1.0.0",
    "name": "DeliveryMethod"
  },
  {
    "id": "base-ext-dynamicRegistration",
    "type": "StructureDefinition",
    "url": "http://hl7.org/fhir/us/ndh/StructureDefinition/base-ext-dynamicRegistration",
    "version": "1.0.0",
    "name": "DynamicRegistration"
  },
  {
    "id": "base-ext-endpoint-reference",
    "type": "StructureDefinition",
    "url": "http://hl7.org/fhir/us/ndh/StructureDefinition/base-ext-endpoint-reference",
    "version": "1.0.0",
    "name": "EndpointReference"
  },
  {
    "id": "base-ext-endpoint-usecase",
    "type": "StructureDefinition",
    "url": "http://hl7.org/fhir/us/ndh/StructureDefinition/base-ext-endpoint-usecase",
    "version": "1.0.0",
    "name": "EndpointUsecase"
  },
  {
    "id": "base-ext-endpointType",
    "type": "StructureDefinition",
    "url": "http://hl7.org/fhir/us/ndh/StructureDefinition/base-ext-endpointType",
    "version": "1.0.0",
    "name": "EndpointType"
  },
  {
    "id": "base-ext-fundingSource",
    "type": "StructureDefinition",
    "url": "http://hl7.org/fhir/us/ndh/StructureDefinition/base-ext-fundingSource",
    "version": "1.0.0",
    "name": "FundingSource"
  },
  {
    "id": "base-ext-healthcareservice-reference",
    "type": "StructureDefinition",
    "url": "http://hl7.org/fhir/us/ndh/StructureDefinition/base-ext-healthcareservice-reference",
    "version": "1.0.0",
    "name": "HealthcareServiceReference"
  },
  {
    "id": "base-ext-identifier-status",
    "type": "StructureDefinition",
    "url": "http://hl7.org/fhir/us/ndh/StructureDefinition/base-ext-identifier-status",
    "version": "1.0.0",
    "name": "IdentifierStatus"
  },
  {
    "id": "base-ext-igsSupported",
    "type": "StructureDefinition",
    "url": "http://hl7.org/fhir/us/ndh/StructureDefinition/base-ext-igsSupported",
    "version": "1.0.0",
    "name": "IGsSupported"
  },
  {
    "id": "base-ext-location-reference",
    "type": "StructureDefinition",
    "url": "http://hl7.org/fhir/us/ndh/StructureDefinition/base-ext-location-reference",
    "version": "1.0.0",
    "name": "LocationReference"
  },
  {
    "id": "base-ext-network-reference",
    "type": "StructureDefinition",
    "url": "http://hl7.org/fhir/us/ndh/StructureDefinition/base-ext-network-reference",
    "version": "1.0.0",
    "name": "NetworkReference"
  },
  {
    "id": "base-ext-newpatients",
    "type": "StructureDefinition",
    "url": "http://hl7.org/fhir/us/ndh/StructureDefinition/base-ext-newpatients",
    "version": "1.0.0",
    "name": "NewPatients"
  },
  {
    "id": "base-ext-org-description",
    "type": "StructureDefinition",
    "url": "http://hl7.org/fhir/us/ndh/StructureDefinition/base-ext-org-description",
    "version": "1.0.0",
    "name": "OrgDescription"
  },
  {
    "id": "base-ext-paymentAccepted",
    "type": "StructureDefinition",
    "url": "http://hl7.org/fhir/us/ndh/StructureDefinition/base-ext-paymentAccepted",
    "version": "1.0.0",
    "name": "PaymentAccepted"
  },
  {
    "id": "base-ext-practitioner-qualification",
    "type": "StructureDefinition",
    "url": "http://hl7.org/fhir/us/ndh/StructureDefinition/base-ext-practitioner-qualification",
    "version": "1.0.0",
    "name": "PractitionerQualification"
  },
  {
    "id": "base-ext-rating",
    "type": "StructureDefinition",
    "url": "http://hl7.org/fhir/us/ndh/StructureDefinition/base-ext-rating",
    "version": "1.0.0",
    "name": "Rating"
  },
  {
    "id": "base-ext-requiredDocument",
    "type": "StructureDefinition",
    "url": "http://hl7.org/fhir/us/ndh/StructureDefinition/base-ext-requiredDocument",
    "version": "1.0.0",
    "name": "RequiredDocument"
  },
  {
    "id": "base-ext-secureEndpoint",
    "type": "StructureDefinition",
    "url": "http://hl7.org/fhir/us/ndh/StructureDefinition/base-ext-secureEndpoint",
    "version": "1.0.0",
    "name": "SecureEndpoint"
  },
  {
    "id": "base-ext-secureExchangeArtifacts",
    "type": "StructureDefinition",
    "url": "http://hl7.org/fhir/us/ndh/StructureDefinition/base-ext-secureExchangeArtifacts",
    "version": "1.0.0",
    "name": "SecureExchangeArtifacts"
  },
  {
    "id": "base-ext-trustFramework",
    "type": "StructureDefinition",
    "url": "http://hl7.org/fhir/us/ndh/StructureDefinition/base-ext-trustFramework",
    "version": "1.0.0",
    "name": "TrustFramework"
  },
  {
    "id": "base-ext-usage-restriction",
    "type": "StructureDefinition",
    "url": "http://hl7.org/fhir/us/ndh/StructureDefinition/base-ext-usage-restriction",
    "version": "1.0.0",
    "name": "UsageRestriction"
  },
  {
    "id": "base-ext-via-intermediary",
    "type": "StructureDefinition",
    "url": "http://hl7.org/fhir/us/ndh/StructureDefinition/base-ext-via-intermediary",
    "version": "1.0.0",
    "name": "ViaIntermediary"
  },
  {
    "id": "ndh-CareTeam",
    "type": "StructureDefinition",
    "url": "http://hl7.org/fhir/us/ndh/StructureDefinition/ndh-CareTeam",
    "version": "1.0.0",
    "name": "NdhCareTeam"
  },
  {
    "id": "ndh-Endpoint",
    "type": "StructureDefinition",
    "url": "http://hl7.org/fhir/us/ndh/StructureDefinition/ndh-Endpoint",
    "version": "1.0.0",
    "name": "NdhEndpoint"
  },
  {
    "id": "ndh-HealthcareService",
    "type": "StructureDefinition",
    "url": "http://hl7.org/fhir/us/ndh/StructureDefinition/ndh-HealthcareService",
    "version": "1.0.0",
    "name": "NdhHealthcareService"
  },
  {
    "id": "ndh-InsurancePlan",
    "type": "StructureDefinition",
    "url": "http://hl7.org/fhir/us/ndh/StructureDefinition/ndh-InsurancePlan",
    "version": "1.0.0",
    "name": "NdhInsurancePlan"
  },
  {
    "id": "ndh-Location",
    "type": "StructureDefinition",
    "url": "http://hl7.org/fhir/us/ndh/StructureDefinition/ndh-Location",
    "version": "1.0.0",
    "name": "NdhLocation"
  },
  {
    "id": "ndh-Network",
    "type": "StructureDefinition",
    "url": "http://hl7.org/fhir/us/ndh/StructureDefinition/ndh-Network",
    "version": "1.0.0",
    "name": "NdhNetwork"
  },
  {
    "id": "ndh-Organization",
    "type": "StructureDefinition",
    "url": "http://hl7.org/fhir/us/ndh/StructureDefinition/ndh-Organization",
    "version": "1.0.0",
    "name": "NdhOrganization"
  },
  {
    "id": "ndh-OrganizationAffiliation",
    "type": "StructureDefinition",
    "url": "http://hl7.org/fhir/us/ndh/StructureDefinition/ndh-OrganizationAffiliation",
    "version": "1.0.0",
    "name": "NdhOrganizationAffiliation"
  },
  {
    "id": "ndh-Practitioner",
    "type": "StructureDefinition",
    "url": "http://hl7.org/fhir/us/ndh/StructureDefinition/ndh-Practitioner",
    "version": "1.0.0",
    "name": "NdhPractitioner"
  },
  {
    "id": "ndh-PractitionerRole",
    "type": "StructureDefinition",
    "url": "http://hl7.org/fhir/us/ndh/StructureDefinition/ndh-PractitionerRole",
    "version": "1.0.0",
    "name": "NdhPractitionerRole"
  },
  {
    "id": "ndh-Restriction",
    "type": "StructureDefinition",
    "url": "http://hl7.org/fhir/us/ndh/StructureDefinition/ndh-Restriction",
    "version": "1.0.0",
    "name": "NdhRestriction"
  },
  {
    "id": "ndh-Verification",
    "type": "StructureDefinition",
    "url": "http://hl7.org/fhir/us/ndh/StructureDefinition/ndh-Verification",
    "version": "1.0.0",
    "name": "NdhVerification"
  },
  {
    "id": "AcceptingPatientsVS",
    "type": "ValueSet",
    "url": "http://hl7.org/fhir/us/ndh/ValueSet/AcceptingPatientsVS",
    "version": "1.0.0",
    "name": "AcceptingPatientsVS"
  },
  {
    "id": "AccessibilityVS",
    "type": "ValueSet",
    "url": "http://hl7.org/fhir/us/ndh/ValueSet/AccessibilityVS",
    "version": "1.0.0",
    "name": "AccessibilityVS"
  },
  {
    "id": "DeliveryMethodVS",
    "type": "ValueSet",
    "url": "http://hl7.org/fhir/us/ndh/ValueSet/DeliveryMethodVS",
    "version": "1.0.0",
    "name": "DeliveryMethodVS"
  },
  {
    "id": "EndpointConnectionTypeVS",
    "type": "ValueSet",
    "url": "http://hl7.org/fhir/us/ndh/ValueSet/EndpointConnectionTypeVS",
    "version": "1.0.0",
    "name": "EndpointConnectionTypeVS"
  },
  {
    "id": "EndpointPayloadTypeVS",
    "type": "ValueSet",
    "url": "http://hl7.org/fhir/us/ndh/ValueSet/EndpointPayloadTypeVS",
    "version": "1.0.0",
    "name": "EndpointPayloadTypeVS"
  },
  {
    "id": "EndpointTypeVS",
    "type": "ValueSet",
    "url": "http://hl7.org/fhir/us/ndh/ValueSet/EndpointTypeVS",
    "version": "1.0.0",
    "name": "EndpointTypeVS"
  },
  {
    "id": "EndpointUsecaseVS",
    "type": "ValueSet",
    "url": "http://hl7.org/fhir/us/ndh/ValueSet/EndpointUsecaseVS",
    "version": "1.0.0",
    "name": "EndpointUsecaseVS"
  },
  {
    "id": "HealthcareServiceCategoryVS",
    "type": "ValueSet",
    "url": "http://hl7.org/fhir/us/ndh/ValueSet/HealthcareServiceCategoryVS",
    "version": "1.0.0",
    "name": "HealthcareServiceCategoryVS"
  },
  {
    "id": "HealthcareServiceTypeVS",
    "type": "ValueSet",
    "url": "http://hl7.org/fhir/us/ndh/ValueSet/HealthcareServiceTypeVS",
    "version": "1.0.0",
    "name": "HealthcareServiceTypeVS"
  },
  {
    "id": "IdentifierStatusVS",
    "type": "ValueSet",
    "url": "http://hl7.org/fhir/us/ndh/ValueSet/IdentifierStatusVS",
    "version": "1.0.0",
    "name": "IdentifierStatusVS"
  },
  {
    "id": "IgTypeVS",
    "type": "ValueSet",
    "url": "http://hl7.org/fhir/us/ndh/ValueSet/IgTypeVS",
    "version": "1.0.0",
    "name": "IgTypeVS"
  },
  {
    "id": "IndividualAndGroupSpecialtiesVS",
    "type": "ValueSet",
    "url": "http://hl7.org/fhir/us/ndh/ValueSet/IndividualAndGroupSpecialtiesVS",
    "version": "1.0.0",
    "name": "IndividualAndGroupSpecialtiesVS"
  },
  {
    "id": "IndividualSpecialtyAndDegreeLicenseCertificateVS",
    "type": "ValueSet",
    "url": "http://hl7.org/fhir/us/ndh/ValueSet/IndividualSpecialtyAndDegreeLicenseCertificateVS",
    "version": "1.0.0",
    "name": "IndividualSpecialtyAndDegreeLicenseCertificateVS"
  },
  {
    "id": "InsurancePlanTypeVS",
    "type": "ValueSet",
    "url": "http://hl7.org/fhir/us/ndh/ValueSet/InsurancePlanTypeVS",
    "version": "1.0.0",
    "name": "InsurancePlanTypeVS"
  },
  {
    "id": "InsuranceProductTypeVS",
    "type": "ValueSet",
    "url": "http://hl7.org/fhir/us/ndh/ValueSet/InsuranceProductTypeVS",
    "version": "1.0.0",
    "name": "InsuranceProductTypeVS"
  },
  {
    "id": "LanguageProficiencyVS",
    "type": "ValueSet",
    "url": "http://hl7.org/fhir/us/ndh/ValueSet/LanguageProficiencyVS",
    "version": "1.0.0",
    "name": "LanguageProficiencyVS"
  },
  {
    "id": "MinEndpointConnectionTypeVS",
    "type": "ValueSet",
    "url": "http://hl7.org/fhir/us/ndh/ValueSet/MinEndpointConnectionTypeVS",
    "version": "1.0.0",
    "name": "MinEndpointConnectionTypeVS"
  },
  {
    "id": "NetworkTypeVS",
    "type": "ValueSet",
    "url": "http://hl7.org/fhir/us/ndh/ValueSet/NetworkTypeVS",
    "version": "1.0.0",
    "name": "NetworkTypeVS"
  },
  {
    "id": "NonIndividualSpecialtiesVS",
    "type": "ValueSet",
    "url": "http://hl7.org/fhir/us/ndh/ValueSet/NonIndividualSpecialtiesVS",
    "version": "1.0.0",
    "name": "NonIndividualSpecialtiesVS"
  },
  {
    "id": "NonIndividualSpecialtyAndDegreeLicenseCertificateVS",
    "type": "ValueSet",
    "url": "http://hl7.org/fhir/us/ndh/ValueSet/NonIndividualSpecialtyAndDegreeLicenseCertificateVS",
    "version": "1.0.0",
    "name": "NonIndividualSpecialtyAndDegreeLicenseCertificateVS"
  },
  {
    "id": "OrgAliasTypeVS",
    "type": "ValueSet",
    "url": "http://hl7.org/fhir/us/ndh/ValueSet/OrgAliasTypeVS",
    "version": "1.0.0",
    "name": "OrgAliasTypeVS"
  },
  {
    "id": "OrgTypeVS",
    "type": "ValueSet",
    "url": "http://hl7.org/fhir/us/ndh/ValueSet/OrgTypeVS",
    "version": "1.0.0",
    "name": "OrgTypeVS"
  },
  {
    "id": "OrganizationAffiliationRoleVS",
    "type": "ValueSet",
    "url": "http://hl7.org/fhir/us/ndh/ValueSet/OrganizationAffiliationRoleVS",
    "version": "1.0.0",
    "name": "OrganizationAffiliationRoleVS"
  },
  {
    "id": "PractitionerRoleVS",
    "type": "ValueSet",
    "url": "http://hl7.org/fhir/us/ndh/ValueSet/PractitionerRoleVS",
    "version": "1.0.0",
    "name": "PractitionerRoleVS"
  },
  {
    "id": "QualificationStatusVS",
    "type": "ValueSet",
    "url": "http://hl7.org/fhir/us/ndh/ValueSet/QualificationStatusVS",
    "version": "1.0.0",
    "name": "QualificationStatusVS"
  },
  {
    "id": "SpecialtiesVS",
    "type": "ValueSet",
    "url": "http://hl7.org/fhir/us/ndh/ValueSet/SpecialtiesVS",
    "version": "1.0.0",
    "name": "SpecialtiesVS"
  },
  {
    "id": "SpecialtyAndDegreeLicenseCertificateVS",
    "type": "ValueSet",
    "url": "http://hl7.org/fhir/us/ndh/ValueSet/SpecialtyAndDegreeLicenseCertificateVS",
    "version": "1.0.0",
    "name": "SpecialtyAndDegreeLicenseCertificateVS"
  },
  {
    "id": "TrustFrameworkTypeVS",
    "type": "ValueSet",
    "url": "http://hl7.org/fhir/us/ndh/ValueSet/TrustFrameworkTypeVS",
    "version": "1.0.0",
    "name": "TrustFrameworkTypeVS"
  },
  {
    "id": "ValidationProcessVS",
    "type": "ValueSet",
    "url": "http://hl7.org/fhir/us/ndh/ValueSet/ValidationProcessVS",
    "version": "1.0.0",
    "name": "ValidationProcessVS"
  },
  {
    "id": "VirtualModalitiesVS",
    "type": "ValueSet",
    "url": "http://hl7.org/fhir/us/ndh/ValueSet/VirtualModalitiesVS",
    "version": "1.0.0",
    "name": "VirtualModalitiesVS"
  }
]