[
  {
    "id": "AcceptingPatientsCS",
    "type": "CodeSystem",
    "url": "http://hl7.org/fhir/us/ndh/CodeSystem/AcceptingPatientsCS",
    "version": "1.0.0",
    "name": "AcceptingPatientsCS"
  },
  {
    "id": "AccessibilityCS",
    "type": "CodeSystem",
    "url": "http://hl7.org/fhir/us/ndh/CodeSystem/AccessibilityCS",
    "version": "1.0.0",
    "name": "AccessibilityCS"
  },
  {
    "id": "CredentialStatusCS",
    "type": "CodeSystem",
    "url": "http://hl7.org/fhir/us/ndh/CodeSystem/CredentialStatusCS",
    "version": "1.0.0",
    "name": "CredentialStatusCS"
  },
  {
    "id": "DeliveryMethodCS",
    "type": "CodeSystem",
    "url": "http://hl7.org/fhir/us/ndh/CodeSystem/DeliveryMethodCS",
    "version": "1.0.0",
    "name": "DeliveryMethodCS"
  },
  {
    "id": "EndpointConnectionTypeCS",
    "type": "CodeSystem",
    "url": "http://hl7.org/fhir/us/ndh/CodeSystem/EndpointConnectionTypeCS",
    "version": "1.0.0",
    "name": "EndpointConnectionTypeCS"
  },
  {
    "id": "EndpointPayloadTypeCS",
    "type": "CodeSystem",
    "url": "http://hl7.org/fhir/us/ndh/CodeSystem/EndpointPayloadTypeCS",
    "version": "1.0.0",
    "name": "EndpointPayloadTypeCS"
  },
  {
    "id": "EndpointTypeCS",
    "type": "CodeSystem",
    "url": "http://hl7.org/fhir/us/ndh/CodeSystem/EndpointTypeCS",
    "version": "1.0.0",
    "name": "EndpointTypeCS"
  },
  {
    "id": "HealthcareServiceCategoryCS",
    "type": "CodeSystem",
    "url": "http://hl7.org/fhir/us/ndh/CodeSystem/HealthcareServiceCategoryCS",
    "version": "1.0.0",
    "name": "HealthcareServiceCategoryCS"
  },
  {
    "id": "IgTypeCS",
    "type": "CodeSystem",
    "url": "http://hl7.org/fhir/us/ndh/CodeSystem/IgTypeCS",
    "version": "1.0.0",
    "name": "IgTypeCS"
  },
  {
    "id": "InsurancePlanTypeCS",
    "type": "CodeSystem",
    "url": "http://hl7.org/fhir/us/ndh/CodeSystem/InsurancePlanTypeCS",
    "version": "1.0.0",
    "name": "InsurancePlanTypeCS"
  },
  {
    "id": "InsuranceProductTypeCS",
    "type": "CodeSystem",
    "url": "http://hl7.org/fhir/us/ndh/CodeSystem/InsuranceProductTypeCS",
    "version": "1.0.0",
    "name": "InsuranceProductTypeCS"
  },
  {
    "id": "LanguageProficiencyCS",
    "type": "CodeSystem",
    "url": "http://hl7.org/fhir/us/ndh/CodeSystem/LanguageProficiencyCS",
    "version": "1.0.0",
    "name": "LanguageProficiencyCS"
  },
  {
    "id": "OrgAliasTypeCS",
    "type": "CodeSystem",
    "url": "http://hl7.org/fhir/us/ndh/CodeSystem/OrgAliasTypeCS",
    "version": "1.0.0",
    "name": "OrgAliasTypeCS"
  },
  {
    "id": "OrgTypeCS",
    "type": "CodeSystem",
    "url": "http://hl7.org/fhir/us/ndh/CodeSystem/OrgTypeCS",
    "version": "1.0.0",
    "name": "OrgTypeCS"
  },
  {
    "id": "OrganizationAffiliationRoleCS",
    "type": "CodeSystem",
    "url": "http://hl7.org/fhir/us/ndh/CodeSystem/OrganizationAffiliationRoleCS",
    "version": "1.0.0",
    "name": "OrganizationAffiliationRoleCS"
  },
  {
    "id": "ProviderRoleCS",
    "type": "CodeSystem",
    "url": "http://hl7.org/fhir/us/ndh/CodeSystem/ProviderRoleCS",
    "version": "1.0.0",
    "name": "ProviderRoleCS"
  },
  {
    "id": "QualificationStatusCS",
    "type": "CodeSystem",
    "url": "http://hl7.org/fhir/us/ndh/CodeSystem/QualificationStatusCS",
    "version": "1.0.0",
    "name": "QualificationStatusCS"
  },
  {
    "id": "TrustFrameworkTypeCS",
    "type": "CodeSystem",
    "url": "http://hl7.org/fhir/us/ndh/CodeSystem/TrustFrameworkTypeCS",
    "version": "1.0.0",
    "name": "TrustFrameworkTypeCS"
  },
  {
    "id": "ValidationTypeCS",
    "type": "CodeSystem",
    "url": "http://hl7.org/fhir/us/ndh/CodeSystem/ValidationTypeCS",
    "version": "1.0.0",
    "name": "ValidationTypeCS"
  },
  {
    "id": "VirtualModalitiesCS",
    "type": "CodeSystem",
    "url": "http://hl7.org/fhir/us/ndh/CodeSystem/VirtualModalitiesCS",
    "version": "1.0.0",
    "name": "VirtualModalitiesCS"
  },
  {
    "id": "hl7.fhir.us.ndh",
    "type": "ImplementationGuide",
    "url": "http://hl7.org/fhir/us/ndh/ImplementationGuide/hl7.fhir.us.ndh",
    "version": "1.0.0",
    "name": "NDH"
  },
  {
    "id": "accessibility",
    "type": "StructureDefinition",
    "url": "http://hl7.org/fhir/us/ndh/StructureDefinition/accessibility",
    "version": "1.0.0",
    "name": "Accessibility"
  },
  {
    "id": "associatedServers",
    "type": "StructureDefinition",
    "url": "http://hl7.org/fhir/us/ndh/StructureDefinition/associatedServers",
    "version": "1.0.0",
    "name": "AssociatedServers"
  },
  {
    "id": "careteam-alias",
    "type": "StructureDefinition",
    "url": "http://hl7.org/fhir/us/ndh/StructureDefinition/careteam-alias",
    "version": "1.0.0",
    "name": "CareteamAlias"
  },
  {
    "id": "communication-proficiency",
    "type": "StructureDefinition",
    "url": "http://hl7.org/fhir/us/ndh/StructureDefinition/communication-proficiency",
    "version": "1.0.0",
    "name": "CommunicationProficiency"
  },
  {
    "id": "contactpoint-availabletime",
    "type": "StructureDefinition",
    "url": "http://hl7.org/fhir/us/ndh/StructureDefinition/contactpoint-availabletime",
    "version": "1.0.0",
    "name": "ContactPointAvailableTime"
  },
  {
    "id": "delivery-method",
    "type": "StructureDefinition",
    "url": "http://hl7.org/fhir/us/ndh/StructureDefinition/delivery-method",
    "version": "1.0.0",
    "name": "DeliveryMethod"
  },
  {
    "id": "dynamicRegistration",
    "type": "StructureDefinition",
    "url": "http://hl7.org/fhir/us/ndh/StructureDefinition/dynamicRegistration",
    "version": "1.0.0",
    "name": "DynamicRegistration"
  },
  {
    "id": "endpoint-reference",
    "type": "StructureDefinition",
    "url": "http://hl7.org/fhir/us/ndh/StructureDefinition/endpoint-reference",
    "version": "1.0.0",
    "name": "EndpointReference"
  },
  {
    "id": "endpoint-usecase",
    "type": "StructureDefinition",
    "url": "http://hl7.org/fhir/us/ndh/StructureDefinition/endpoint-usecase",
    "version": "1.0.0",
    "name": "EndpointUsecase"
  },
  {
    "id": "endpointType",
    "type": "StructureDefinition",
    "url": "http://hl7.org/fhir/us/ndh/StructureDefinition/endpointType",
    "version": "1.0.0",
    "name": "EndpointType"
  },
  {
    "id": "fundingSource",
    "type": "StructureDefinition",
    "url": "http://hl7.org/fhir/us/ndh/StructureDefinition/fundingSource",
    "version": "1.0.0",
    "name": "FundingSource"
  },
  {
    "id": "healthcareservice-reference",
    "type": "StructureDefinition",
    "url": "http://hl7.org/fhir/us/ndh/StructureDefinition/healthcareservice-reference",
    "version": "1.0.0",
    "name": "HealthcareServiceReference"
  },
  {
    "id": "identifier-status",
    "type": "StructureDefinition",
    "url": "http://hl7.org/fhir/us/ndh/StructureDefinition/identifier-status",
    "version": "1.0.0",
    "name": "IdentifierStatus"
  },
  {
    "id": "igsSupported",
    "type": "StructureDefinition",
    "url": "http://hl7.org/fhir/us/ndh/StructureDefinition/igsSupported",
    "version": "1.0.0",
    "name": "IGsSupported"
  },
  {
    "id": "location-reference",
    "type": "StructureDefinition",
    "url": "http://hl7.org/fhir/us/ndh/StructureDefinition/location-reference",
    "version": "1.0.0",
    "name": "LocationReference"
  },
  {
    "id": "ndh-CareTeam",
    "type": "StructureDefinition",
    "url": "http://hl7.org/fhir/us/ndh/StructureDefinition/ndh-CareTeam",
    "version": "1.0.0",
    "name": "NdhCareTeam"
  },
  {
    "id": "ndh-Endpoint",
    "type": "StructureDefinition",
    "url": "http://hl7.org/fhir/us/ndh/StructureDefinition/ndh-Endpoint",
    "version": "1.0.0",
    "name": "NdhEndpoint"
  },
  {
    "id": "ndh-HealthcareService",
    "type": "StructureDefinition",
    "url": "http://hl7.org/fhir/us/ndh/StructureDefinition/ndh-HealthcareService",
    "version": "1.0.0",
    "name": "NdhHealthcareService"
  },
  {
    "id": "ndh-InsurancePlan",
    "type": "StructureDefinition",
    "url": "http://hl7.org/fhir/us/ndh/StructureDefinition/ndh-InsurancePlan",
    "version": "1.0.0",
    "name": "NdhInsurancePlan"
  },
  {
    "id": "ndh-Location",
    "type": "StructureDefinition",
    "url": "http://hl7.org/fhir/us/ndh/StructureDefinition/ndh-Location",
    "version": "1.0.0",
    "name": "NdhLocation"
  },
  {
    "id": "ndh-Network",
    "type": "StructureDefinition",
    "url": "http://hl7.org/fhir/us/ndh/StructureDefinition/ndh-Network",
    "version": "1.0.0",
    "name": "NdhNetwork"
  },
  {
    "id": "ndh-Organization",
    "type": "StructureDefinition",
    "url": "http://hl7.org/fhir/us/ndh/StructureDefinition/ndh-Organization",
    "version": "1.0.0",
    "name": "NdhOrganization"
  },
  {
    "id": "ndh-OrganizationAffiliation",
    "type": "StructureDefinition",
    "url": "http://hl7.org/fhir/us/ndh/StructureDefinition/ndh-OrganizationAffiliation",
    "version": "1.0.0",
    "name": "NdhOrganizationAffiliation"
  },
  {
    "id": "ndh-Practitioner",
    "type": "StructureDefinition",
    "url": "http://hl7.org/fhir/us/ndh/StructureDefinition/ndh-Practitioner",
    "version": "1.0.0",
    "name": "NdhPractitioner"
  },
  {
    "id": "ndh-PractitionerRole",
    "type": "StructureDefinition",
    "url": "http://hl7.org/fhir/us/ndh/StructureDefinition/ndh-PractitionerRole",
    "version": "1.0.0",
    "name": "NdhPractitionerRole"
  },
  {
    "id": "ndh-Restriction",
    "type": "StructureDefinition",
    "url": "http://hl7.org/fhir/us/ndh/StructureDefinition/ndh-Restriction",
    "version": "1.0.0",
    "name": "NdhRestriction"
  },
  {
    "id": "ndh-Verification",
    "type": "StructureDefinition",
    "url": "http://hl7.org/fhir/us/ndh/StructureDefinition/ndh-Verification",
    "version": "1.0.0",
    "name": "NdhVerification"
  },
  {
    "id": "network-reference",
    "type": "StructureDefinition",
    "url": "http://hl7.org/fhir/us/ndh/StructureDefinition/network-reference",
    "version": "1.0.0",
    "name": "NetworkReference"
  },
  {
    "id": "newpatients",
    "type": "StructureDefinition",
    "url": "http://hl7.org/fhir/us/ndh/StructureDefinition/newpatients",
    "version": "1.0.0",
    "name": "NewPatients"
  },
  {
    "id": "org-description",
    "type": "StructureDefinition",
    "url": "http://hl7.org/fhir/us/ndh/StructureDefinition/org-description",
    "version": "1.0.0",
    "name": "OrgDescription"
  },
  {
    "id": "paymentAccepted",
    "type": "StructureDefinition",
    "url": "http://hl7.org/fhir/us/ndh/StructureDefinition/paymentAccepted",
    "version": "1.0.0",
    "name": "PaymentAccepted"
  },
  {
    "id": "practitioner-qualification",
    "type": "StructureDefinition",
    "url": "http://hl7.org/fhir/us/ndh/StructureDefinition/practitioner-qualification",
    "version": "1.0.0",
    "name": "PractitionerQualification"
  },
  {
    "id": "rating",
    "type": "StructureDefinition",
    "url": "http://hl7.org/fhir/us/ndh/StructureDefinition/rating",
    "version": "1.0.0",
    "name": "Rating"
  },
  {
    "id": "requiredDocument",
    "type": "StructureDefinition",
    "url": "http://hl7.org/fhir/us/ndh/StructureDefinition/requiredDocument",
    "version": "1.0.0",
    "name": "RequiredDocument"
  },
  {
    "id": "secureEndpoint",
    "type": "StructureDefinition",
    "url": "http://hl7.org/fhir/us/ndh/StructureDefinition/secureEndpoint",
    "version": "1.0.0",
    "name": "SecureEndpoint"
  },
  {
    "id": "secureExchangeArtifacts",
    "type": "StructureDefinition",
    "url": "http://hl7.org/fhir/us/ndh/StructureDefinition/secureExchangeArtifacts",
    "version": "1.0.0",
    "name": "SecureExchangeArtifacts"
  },
  {
    "id": "trustFramework",
    "type": "StructureDefinition",
    "url": "http://hl7.org/fhir/us/ndh/StructureDefinition/trustFramework",
    "version": "1.0.0",
    "name": "TrustFramework"
  },
  {
    "id": "usage-restriction",
    "type": "StructureDefinition",
    "url": "http://hl7.org/fhir/us/ndh/StructureDefinition/usage-restriction",
    "version": "1.0.0",
    "name": "UsageRestriction"
  },
  {
    "id": "via-intermediary",
    "type": "StructureDefinition",
    "url": "http://hl7.org/fhir/us/ndh/StructureDefinition/via-intermediary",
    "version": "1.0.0",
    "name": "ViaIntermediary"
  },
  {
    "id": "AcceptingPatientsVS",
    "type": "ValueSet",
    "url": "http://hl7.org/fhir/us/ndh/ValueSet/AcceptingPatientsVS",
    "version": "1.0.0",
    "name": "AcceptingPatientsVS"
  },
  {
    "id": "AccessibilityVS",
    "type": "ValueSet",
    "url": "http://hl7.org/fhir/us/ndh/ValueSet/AccessibilityVS",
    "version": "1.0.0",
    "name": "AccessibilityVS"
  },
  {
    "id": "DeliveryMethodVS",
    "type": "ValueSet",
    "url": "http://hl7.org/fhir/us/ndh/ValueSet/DeliveryMethodVS",
    "version": "1.0.0",
    "name": "DeliveryMethodVS"
  },
  {
    "id": "EndpointConnectionTypeVS",
    "type": "ValueSet",
    "url": "http://hl7.org/fhir/us/ndh/ValueSet/EndpointConnectionTypeVS",
    "version": "1.0.0",
    "name": "EndpointConnectionTypeVS"
  },
  {
    "id": "EndpointPayloadTypeVS",
    "type": "ValueSet",
    "url": "http://hl7.org/fhir/us/ndh/ValueSet/EndpointPayloadTypeVS",
    "version": "1.0.0",
    "name": "EndpointPayloadTypeVS"
  },
  {
    "id": "EndpointTypeVS",
    "type": "ValueSet",
    "url": "http://hl7.org/fhir/us/ndh/ValueSet/EndpointTypeVS",
    "version": "1.0.0",
    "name": "EndpointTypeVS"
  },
  {
    "id": "EndpointUsecaseVS",
    "type": "ValueSet",
    "url": "http://hl7.org/fhir/us/ndh/ValueSet/EndpointUsecaseVS",
    "version": "1.0.0",
    "name": "EndpointUsecaseVS"
  },
  {
    "id": "HealthcareServiceCategoryVS",
    "type": "ValueSet",
    "url": "http://hl7.org/fhir/us/ndh/ValueSet/HealthcareServiceCategoryVS",
    "version": "1.0.0",
    "name": "HealthcareServiceCategoryVS"
  },
  {
    "id": "HealthcareServiceTypeVS",
    "type": "ValueSet",
    "url": "http://hl7.org/fhir/us/ndh/ValueSet/HealthcareServiceTypeVS",
    "version": "1.0.0",
    "name": "HealthcareServiceTypeVS"
  },
  {
    "id": "IdentifierStatusVS",
    "type": "ValueSet",
    "url": "http://hl7.org/fhir/us/ndh/ValueSet/IdentifierStatusVS",
    "version": "1.0.0",
    "name": "IdentifierStatusVS"
  },
  {
    "id": "IgTypeVS",
    "type": "ValueSet",
    "url": "http://hl7.org/fhir/us/ndh/ValueSet/IgTypeVS",
    "version": "1.0.0",
    "name": "IgTypeVS"
  },
  {
    "id": "IndividualAndGroupSpecialtiesVS",
    "type": "ValueSet",
    "url": "http://hl7.org/fhir/us/ndh/ValueSet/IndividualAndGroupSpecialtiesVS",
    "version": "1.0.0",
    "name": "IndividualAndGroupSpecialtiesVS"
  },
  {
    "id": "IndividualSpecialtyAndDegreeLicenseCertificateVS",
    "type": "ValueSet",
    "url": "http://hl7.org/fhir/us/ndh/ValueSet/IndividualSpecialtyAndDegreeLicenseCertificateVS",
    "version": "1.0.0",
    "name": "IndividualSpecialtyAndDegreeLicenseCertificateVS"
  },
  {
    "id": "InsurancePlanTypeVS",
    "type": "ValueSet",
    "url": "http://hl7.org/fhir/us/ndh/ValueSet/InsurancePlanTypeVS",
    "version": "1.0.0",
    "name": "InsurancePlanTypeVS"
  },
  {
    "id": "InsuranceProductTypeVS",
    "type": "ValueSet",
    "url": "http://hl7.org/fhir/us/ndh/ValueSet/InsuranceProductTypeVS",
    "version": "1.0.0",
    "name": "InsuranceProductTypeVS"
  },
  {
    "id": "LanguageProficiencyVS",
    "type": "ValueSet",
    "url": "http://hl7.org/fhir/us/ndh/ValueSet/LanguageProficiencyVS",
    "version": "1.0.0",
    "name": "LanguageProficiencyVS"
  },
  {
    "id": "MinEndpointConnectionTypeVS",
    "type": "ValueSet",
    "url": "http://hl7.org/fhir/us/ndh/ValueSet/MinEndpointConnectionTypeVS",
    "version": "1.0.0",
    "name": "MinEndpointConnectionTypeVS"
  },
  {
    "id": "NetworkTypeVS",
    "type": "ValueSet",
    "url": "http://hl7.org/fhir/us/ndh/ValueSet/NetworkTypeVS",
    "version": "1.0.0",
    "name": "NetworkTypeVS"
  },
  {
    "id": "NonIndividualSpecialtiesVS",
    "type": "ValueSet",
    "url": "http://hl7.org/fhir/us/ndh/ValueSet/NonIndividualSpecialtiesVS",
    "version": "1.0.0",
    "name": "NonIndividualSpecialtiesVS"
  },
  {
    "id": "NonIndividualSpecialtyAndDegreeLicenseCertificateVS",
    "type": "ValueSet",
    "url": "http://hl7.org/fhir/us/ndh/ValueSet/NonIndividualSpecialtyAndDegreeLicenseCertificateVS",
    "version": "1.0.0",
    "name": "NonIndividualSpecialtyAndDegreeLicenseCertificateVS"
  },
  {
    "id": "OrgAliasTypeVS",
    "type": "ValueSet",
    "url": "http://hl7.org/fhir/us/ndh/ValueSet/OrgAliasTypeVS",
    "version": "1.0.0",
    "name": "OrgAliasTypeVS"
  },
  {
    "id": "OrgTypeVS",
    "type": "ValueSet",
    "url": "http://hl7.org/fhir/us/ndh/ValueSet/OrgTypeVS",
    "version": "1.0.0",
    "name": "OrgTypeVS"
  },
  {
    "id": "OrganizationAffiliationRoleVS",
    "type": "ValueSet",
    "url": "http://hl7.org/fhir/us/ndh/ValueSet/OrganizationAffiliationRoleVS",
    "version": "1.0.0",
    "name": "OrganizationAffiliationRoleVS"
  },
  {
    "id": "PractitionerRoleVS",
    "type": "ValueSet",
    "url": "http://hl7.org/fhir/us/ndh/ValueSet/PractitionerRoleVS",
    "version": "1.0.0",
    "name": "PractitionerRoleVS"
  },
  {
    "id": "QualificationStatusVS",
    "type": "ValueSet",
    "url": "http://hl7.org/fhir/us/ndh/ValueSet/QualificationStatusVS",
    "version": "1.0.0",
    "name": "QualificationStatusVS"
  },
  {
    "id": "SpecialtiesVS",
    "type": "ValueSet",
    "url": "http://hl7.org/fhir/us/ndh/ValueSet/SpecialtiesVS",
    "version": "1.0.0",
    "name": "SpecialtiesVS"
  },
  {
    "id": "SpecialtyAndDegreeLicenseCertificateVS",
    "type": "ValueSet",
    "url": "http://hl7.org/fhir/us/ndh/ValueSet/SpecialtyAndDegreeLicenseCertificateVS",
    "version": "1.0.0",
    "name": "SpecialtyAndDegreeLicenseCertificateVS"
  },
  {
    "id": "TrustFrameworkTypeVS",
    "type": "ValueSet",
    "url": "http://hl7.org/fhir/us/ndh/ValueSet/TrustFrameworkTypeVS",
    "version": "1.0.0",
    "name": "TrustFrameworkTypeVS"
  },
  {
    "id": "ValidationProcessVS",
    "type": "ValueSet",
    "url": "http://hl7.org/fhir/us/ndh/ValueSet/ValidationProcessVS",
    "version": "1.0.0",
    "name": "ValidationProcessVS"
  },
  {
    "id": "VirtualModalitiesVS",
    "type": "ValueSet",
    "url": "http://hl7.org/fhir/us/ndh/ValueSet/VirtualModalitiesVS",
    "version": "1.0.0",
    "name": "VirtualModalitiesVS"
  }
]