<?xml version="1.0" encoding="UTF-8"?>

<CodeSystem xmlns="http://hl7.org/fhir">
  <id value="OrgAliasTypeCS"/>
  <text>
    <status value="generated"/><div xmlns="http://www.w3.org/1999/xhtml"><p>This code system <code>http://hl7.org/fhir/us/ndh/CodeSystem/OrgAliasTypeCS</code> defines the following codes:</p><table class="codes"><tr><td style="white-space:nowrap"><b>Code</b></td><td><b>Display</b></td><td><b>Definition</b></td></tr><tr><td style="white-space:nowrap">legalalternative<a name="OrgAliasTypeCS-legalalternative"> </a></td><td>Legal Alternative</td><td>A pseudonym used by an organization to perform their business under a name that differs from the registered, legal name of the business, also known as a trade name, business name, or 'doing business as' (d.b.a.).</td></tr><tr><td style="white-space:nowrap">historical<a name="OrgAliasTypeCS-historical"> </a></td><td>Historical</td><td>Any previously used legal or trade names used by an organization since the creation of the business. Could include names used by independent organizations before a merger or other reorganization.</td></tr></table></div>
  </text>
  <url value="http://hl7.org/fhir/us/ndh/CodeSystem/OrgAliasTypeCS"/>
  <version value="1.0.0"/>
  <name value="OrgAliasTypeCS"/>
  <title value="Organization Alias Type Code System"/>
  <status value="active"/>
  <experimental value="false"/>
  <date value="2022-10-20T20:37:10-04:00"/>
  <publisher value="HL7 International - Patient Administration Work Group"/>
  <contact>
    <name value="HL7 International - Patient Administration Work Group"/>
    <telecom>
      <system value="url"/>
      <value value="http://hl7.org/Special/committees/pafm"/>
    </telecom>
    <telecom>
      <system value="email"/>
      <value value="pafm@lists.hl7.org"/>
    </telecom>
  </contact>
  <description value="The state indicating if an Organization has an alias."/>
  <jurisdiction>
    <coding>
      <system value="urn:iso:std:iso:3166"/>
      <code value="US"/>
      <display value="United States of America"/>
    </coding>
  </jurisdiction>
  <caseSensitive value="true"/>
  <content value="complete"/>
  <count value="2"/>
  <concept>
    <code value="legalalternative"/>
    <display value="Legal Alternative"/>
    <definition value="A pseudonym used by an organization to perform their business under a name that differs from the registered, legal name of the business, also known as a trade name, business name, or 'doing business as' (d.b.a.)."/>
  </concept>
  <concept>
    <code value="historical"/>
    <display value="Historical"/>
    <definition value="Any previously used legal or trade names used by an organization since the creation of the business. Could include names used by independent organizations before a merger or other reorganization."/>
  </concept>
</CodeSystem>