{
  "resourceType": "CodeSystem",
  "id": "DeliveryMethodCS",
  "text": {
    "status": "generated",
    "div": "<div xmlns=\"http://www.w3.org/1999/xhtml\"><p>This code system <code>http://hl7.org/fhir/us/ndh/CodeSystem/DeliveryMethodCS</code> defines the following codes:</p><table class=\"codes\"><tr><td style=\"white-space:nowrap\"><b>Code</b></td><td><b>Display</b></td><td><b>Definition</b></td></tr><tr><td style=\"white-space:nowrap\">virtual<a name=\"DeliveryMethodCS-virtual\"> </a></td><td>Virtual</td><td>Delivery not requiring provider and patient to be physically co-located, such as tele-medicine</td></tr><tr><td style=\"white-space:nowrap\">physical<a name=\"DeliveryMethodCS-physical\"> </a></td><td>Physical</td><td>Traditional delivery requiring provider and patient to be physically co-located.</td></tr></table></div>"
  },
  "url": "http://hl7.org/fhir/us/ndh/CodeSystem/DeliveryMethodCS",
  "version": "1.0.0",
  "name": "DeliveryMethodCS",
  "title": "Delivery Methods Code System",
  "status": "active",
  "experimental": false,
  "date": "2022-11-04T11:24:16-04:00",
  "publisher": "HL7 International - Patient Administration Work Group",
  "contact": [
    {
      "name": "HL7 International - Patient Administration Work Group",
      "telecom": [
        {
          "system": "url",
          "value": "http://hl7.org/Special/committees/pafm"
        },
        {
          "system": "email",
          "value": "pafm@lists.hl7.org"
        }
      ]
    }
  ],
  "description": "Categories of healthcare service delivery methods.",
  "jurisdiction": [
    {
      "coding": [
        {
          "system": "urn:iso:std:iso:3166",
          "code": "US",
          "display": "United States of America"
        }
      ]
    }
  ],
  "caseSensitive": true,
  "content": "complete",
  "count": 2,
  "concept": [
    {
      "code": "virtual",
      "display": "Virtual",
      "definition": "Delivery not requiring provider and patient to be physically co-located, such as tele-medicine"
    },
    {
      "code": "physical",
      "display": "Physical",
      "definition": "Traditional delivery requiring provider and patient to be physically co-located."
    }
  ]
}