{
  "resourceType": "CodeSystem",
  "id": "OrgAliasTypeCS",
  "text": {
    "status": "generated",
    "div": "<div xmlns=\"http://www.w3.org/1999/xhtml\"><p>This code system <code>http://hl7.org/fhir/us/ndh/CodeSystem/OrgAliasTypeCS</code> defines the following codes:</p><table class=\"codes\"><tr><td style=\"white-space:nowrap\"><b>Code</b></td><td><b>Display</b></td><td><b>Definition</b></td></tr><tr><td style=\"white-space:nowrap\">legalalternative<a name=\"OrgAliasTypeCS-legalalternative\"> </a></td><td>Legal Alternative</td><td>A pseudonym used by an organization to perform their business under a name that differs from the registered, legal name of the business, also known as a trade name, business name, or 'doing business as' (d.b.a.).</td></tr><tr><td style=\"white-space:nowrap\">historical<a name=\"OrgAliasTypeCS-historical\"> </a></td><td>Historical</td><td>Any previously used legal or trade names used by an organization since the creation of the business. Could include names used by independent organizations before a merger or other reorganization.</td></tr></table></div>"
  },
  "url": "http://hl7.org/fhir/us/ndh/CodeSystem/OrgAliasTypeCS",
  "version": "1.0.0",
  "name": "OrgAliasTypeCS",
  "title": "Organization Alias Type Code System",
  "status": "active",
  "experimental": false,
  "date": "2022-10-20T20:37:10-04:00",
  "publisher": "HL7 International - Patient Administration Work Group",
  "contact": [
    {
      "name": "HL7 International - Patient Administration Work Group",
      "telecom": [
        {
          "system": "url",
          "value": "http://hl7.org/Special/committees/pafm"
        },
        {
          "system": "email",
          "value": "pafm@lists.hl7.org"
        }
      ]
    }
  ],
  "description": "The state indicating if an Organization has an alias.",
  "jurisdiction": [
    {
      "coding": [
        {
          "system": "urn:iso:std:iso:3166",
          "code": "US",
          "display": "United States of America"
        }
      ]
    }
  ],
  "caseSensitive": true,
  "content": "complete",
  "count": 2,
  "concept": [
    {
      "code": "legalalternative",
      "display": "Legal Alternative",
      "definition": "A pseudonym used by an organization to perform their business under a name that differs from the registered, legal name of the business, also known as a trade name, business name, or 'doing business as' (d.b.a.)."
    },
    {
      "code": "historical",
      "display": "Historical",
      "definition": "Any previously used legal or trade names used by an organization since the creation of the business. Could include names used by independent organizations before a merger or other reorganization."
    }
  ]
}