{
  "resourceType": "ImplementationGuide",
  "id": "hl7.fhir.us.ndh",
  "text": {
    "status": "extensions",
    "div": "<div xmlns=\"http://www.w3.org/1999/xhtml\"><h2>NDH</h2><p>The official URL for this implementation guide is: </p><pre>http://hl7.org/fhir/us/ndh/ImplementationGuide/hl7.fhir.us.ndh</pre></div>"
  },
  "url": "http://hl7.org/fhir/us/ndh/ImplementationGuide/hl7.fhir.us.ndh",
  "version": "1.0.0",
  "name": "NDH",
  "title": "National Directory of Healthcare Providers & Services (NDH) Implementation Guide",
  "status": "active",
  "date": "2022-10-31T22:12:57-04:00",
  "publisher": "HL7 International - Patient Administration Work Group",
  "contact": [
    {
      "name": "HL7 International - Patient Administration Work Group",
      "telecom": [
        {
          "system": "url",
          "value": "http://hl7.org/Special/committees/pafm"
        },
        {
          "system": "email",
          "value": "pafm@lists.hl7.org"
        }
      ]
    }
  ],
  "jurisdiction": [
    {
      "coding": [
        {
          "system": "urn:iso:std:iso:3166",
          "code": "US",
          "display": "United States of America"
        }
      ]
    }
  ],
  "packageId": "hl7.fhir.us.ndh",
  "license": "CC0-1.0",
  "fhirVersion": [
    "4.0.1"
  ],
  "dependsOn": [
    {
      "id": "hl7tx",
      "uri": "http://terminology.hl7.org/ImplementationGuide/hl7.terminology",
      "packageId": "hl7.terminology.r4",
      "version": "4.0.0"
    },
    {
      "id": "hl7_fhir_us_core",
      "uri": "http://hl7.org/fhir/us/core/ImplementationGuide/hl7.fhir.us.core",
      "packageId": "hl7.fhir.us.core",
      "version": "5.0.0"
    }
  ],
  "definition": {
    "extension": [
      {
        "extension": [
          {
            "url": "code",
            "valueString": "copyrightyear"
          },
          {
            "url": "value",
            "valueString": "2022+"
          }
        ],
        "url": "http://hl7.org/fhir/tools/StructureDefinition/ig-parameter"
      },
      {
        "extension": [
          {
            "url": "code",
            "valueString": "releaselabel"
          },
          {
            "url": "value",
            "valueString": "draft"
          }
        ],
        "url": "http://hl7.org/fhir/tools/StructureDefinition/ig-parameter"
      },
      {
        "extension": [
          {
            "url": "code",
            "valueString": "show-inherited-invariants"
          },
          {
            "url": "value",
            "valueString": "false"
          }
        ],
        "url": "http://hl7.org/fhir/tools/StructureDefinition/ig-parameter"
      },
      {
        "extension": [
          {
            "url": "code",
            "valueString": "version-comparison"
          },
          {
            "url": "value",
            "valueString": "n/a"
          }
        ],
        "url": "http://hl7.org/fhir/tools/StructureDefinition/ig-parameter"
      },
      {
        "extension": [
          {
            "url": "code",
            "valueString": "path-history"
          },
          {
            "url": "value",
            "valueString": "http://hl7.org/fhir/us/ndh/history.html"
          }
        ],
        "url": "http://hl7.org/fhir/tools/StructureDefinition/ig-parameter"
      },
      {
        "extension": [
          {
            "url": "code",
            "valueString": "autoload-resources"
          },
          {
            "url": "value",
            "valueString": "true"
          }
        ],
        "url": "http://hl7.org/fhir/tools/StructureDefinition/ig-parameter"
      },
      {
        "extension": [
          {
            "url": "code",
            "valueString": "path-liquid"
          },
          {
            "url": "value",
            "valueString": "template/liquid"
          }
        ],
        "url": "http://hl7.org/fhir/tools/StructureDefinition/ig-parameter"
      },
      {
        "extension": [
          {
            "url": "code",
            "valueString": "path-liquid"
          },
          {
            "url": "value",
            "valueString": "input/liquid"
          }
        ],
        "url": "http://hl7.org/fhir/tools/StructureDefinition/ig-parameter"
      },
      {
        "extension": [
          {
            "url": "code",
            "valueString": "path-qa"
          },
          {
            "url": "value",
            "valueString": "temp/qa"
          }
        ],
        "url": "http://hl7.org/fhir/tools/StructureDefinition/ig-parameter"
      },
      {
        "extension": [
          {
            "url": "code",
            "valueString": "path-temp"
          },
          {
            "url": "value",
            "valueString": "temp/pages"
          }
        ],
        "url": "http://hl7.org/fhir/tools/StructureDefinition/ig-parameter"
      },
      {
        "extension": [
          {
            "url": "code",
            "valueString": "path-output"
          },
          {
            "url": "value",
            "valueString": "output"
          }
        ],
        "url": "http://hl7.org/fhir/tools/StructureDefinition/ig-parameter"
      },
      {
        "extension": [
          {
            "url": "code",
            "valueString": "path-suppressed-warnings"
          },
          {
            "url": "value",
            "valueString": "input/ignoreWarnings.txt"
          }
        ],
        "url": "http://hl7.org/fhir/tools/StructureDefinition/ig-parameter"
      },
      {
        "extension": [
          {
            "url": "code",
            "valueString": "template-html"
          },
          {
            "url": "value",
            "valueString": "template-page.html"
          }
        ],
        "url": "http://hl7.org/fhir/tools/StructureDefinition/ig-parameter"
      },
      {
        "extension": [
          {
            "url": "code",
            "valueString": "template-md"
          },
          {
            "url": "value",
            "valueString": "template-page-md.html"
          }
        ],
        "url": "http://hl7.org/fhir/tools/StructureDefinition/ig-parameter"
      },
      {
        "extension": [
          {
            "url": "code",
            "valueString": "apply-contact"
          },
          {
            "url": "value",
            "valueString": "true"
          }
        ],
        "url": "http://hl7.org/fhir/tools/StructureDefinition/ig-parameter"
      },
      {
        "extension": [
          {
            "url": "code",
            "valueString": "apply-context"
          },
          {
            "url": "value",
            "valueString": "true"
          }
        ],
        "url": "http://hl7.org/fhir/tools/StructureDefinition/ig-parameter"
      },
      {
        "extension": [
          {
            "url": "code",
            "valueString": "apply-copyright"
          },
          {
            "url": "value",
            "valueString": "true"
          }
        ],
        "url": "http://hl7.org/fhir/tools/StructureDefinition/ig-parameter"
      },
      {
        "extension": [
          {
            "url": "code",
            "valueString": "apply-jurisdiction"
          },
          {
            "url": "value",
            "valueString": "true"
          }
        ],
        "url": "http://hl7.org/fhir/tools/StructureDefinition/ig-parameter"
      },
      {
        "extension": [
          {
            "url": "code",
            "valueString": "apply-license"
          },
          {
            "url": "value",
            "valueString": "true"
          }
        ],
        "url": "http://hl7.org/fhir/tools/StructureDefinition/ig-parameter"
      },
      {
        "extension": [
          {
            "url": "code",
            "valueString": "apply-publisher"
          },
          {
            "url": "value",
            "valueString": "true"
          }
        ],
        "url": "http://hl7.org/fhir/tools/StructureDefinition/ig-parameter"
      },
      {
        "extension": [
          {
            "url": "code",
            "valueString": "apply-version"
          },
          {
            "url": "value",
            "valueString": "true"
          }
        ],
        "url": "http://hl7.org/fhir/tools/StructureDefinition/ig-parameter"
      },
      {
        "extension": [
          {
            "url": "code",
            "valueString": "active-tables"
          },
          {
            "url": "value",
            "valueString": "true"
          }
        ],
        "url": "http://hl7.org/fhir/tools/StructureDefinition/ig-parameter"
      },
      {
        "extension": [
          {
            "url": "code",
            "valueString": "fmm-definition"
          },
          {
            "url": "value",
            "valueString": "http://hl7.org/fhir/versions.html#maturity"
          }
        ],
        "url": "http://hl7.org/fhir/tools/StructureDefinition/ig-parameter"
      },
      {
        "extension": [
          {
            "url": "code",
            "valueString": "propagate-status"
          },
          {
            "url": "value",
            "valueString": "true"
          }
        ],
        "url": "http://hl7.org/fhir/tools/StructureDefinition/ig-parameter"
      },
      {
        "extension": [
          {
            "url": "code",
            "valueString": "excludelogbinaryformat"
          },
          {
            "url": "value",
            "valueString": "true"
          }
        ],
        "url": "http://hl7.org/fhir/tools/StructureDefinition/ig-parameter"
      },
      {
        "extension": [
          {
            "url": "code",
            "valueString": "tabbed-snapshots"
          },
          {
            "url": "value",
            "valueString": "true"
          }
        ],
        "url": "http://hl7.org/fhir/tools/StructureDefinition/ig-parameter"
      },
      {
        "extension": [
          {
            "url": "code",
            "valueString": "copyrightyear"
          },
          {
            "url": "value",
            "valueString": "2022+"
          }
        ],
        "url": "http://hl7.org/fhir/tools/StructureDefinition/ig-parameter"
      },
      {
        "extension": [
          {
            "url": "code",
            "valueString": "releaselabel"
          },
          {
            "url": "value",
            "valueString": "draft"
          }
        ],
        "url": "http://hl7.org/fhir/tools/StructureDefinition/ig-parameter"
      },
      {
        "extension": [
          {
            "url": "code",
            "valueString": "show-inherited-invariants"
          },
          {
            "url": "value",
            "valueString": "false"
          }
        ],
        "url": "http://hl7.org/fhir/tools/StructureDefinition/ig-parameter"
      },
      {
        "extension": [
          {
            "url": "code",
            "valueString": "version-comparison"
          },
          {
            "url": "value",
            "valueString": "n/a"
          }
        ],
        "url": "http://hl7.org/fhir/tools/StructureDefinition/ig-parameter"
      },
      {
        "extension": [
          {
            "url": "code",
            "valueString": "path-history"
          },
          {
            "url": "value",
            "valueString": "http://hl7.org/fhir/us/ndh/history.html"
          }
        ],
        "url": "http://hl7.org/fhir/tools/StructureDefinition/ig-parameter"
      },
      {
        "extension": [
          {
            "url": "code",
            "valueString": "autoload-resources"
          },
          {
            "url": "value",
            "valueString": "true"
          }
        ],
        "url": "http://hl7.org/fhir/tools/StructureDefinition/ig-parameter"
      },
      {
        "extension": [
          {
            "url": "code",
            "valueString": "path-liquid"
          },
          {
            "url": "value",
            "valueString": "template/liquid"
          }
        ],
        "url": "http://hl7.org/fhir/tools/StructureDefinition/ig-parameter"
      },
      {
        "extension": [
          {
            "url": "code",
            "valueString": "path-liquid"
          },
          {
            "url": "value",
            "valueString": "input/liquid"
          }
        ],
        "url": "http://hl7.org/fhir/tools/StructureDefinition/ig-parameter"
      },
      {
        "extension": [
          {
            "url": "code",
            "valueString": "path-qa"
          },
          {
            "url": "value",
            "valueString": "temp/qa"
          }
        ],
        "url": "http://hl7.org/fhir/tools/StructureDefinition/ig-parameter"
      },
      {
        "extension": [
          {
            "url": "code",
            "valueString": "path-temp"
          },
          {
            "url": "value",
            "valueString": "temp/pages"
          }
        ],
        "url": "http://hl7.org/fhir/tools/StructureDefinition/ig-parameter"
      },
      {
        "extension": [
          {
            "url": "code",
            "valueString": "path-output"
          },
          {
            "url": "value",
            "valueString": "output"
          }
        ],
        "url": "http://hl7.org/fhir/tools/StructureDefinition/ig-parameter"
      },
      {
        "extension": [
          {
            "url": "code",
            "valueString": "path-suppressed-warnings"
          },
          {
            "url": "value",
            "valueString": "input/ignoreWarnings.txt"
          }
        ],
        "url": "http://hl7.org/fhir/tools/StructureDefinition/ig-parameter"
      },
      {
        "extension": [
          {
            "url": "code",
            "valueString": "template-html"
          },
          {
            "url": "value",
            "valueString": "template-page.html"
          }
        ],
        "url": "http://hl7.org/fhir/tools/StructureDefinition/ig-parameter"
      },
      {
        "extension": [
          {
            "url": "code",
            "valueString": "template-md"
          },
          {
            "url": "value",
            "valueString": "template-page-md.html"
          }
        ],
        "url": "http://hl7.org/fhir/tools/StructureDefinition/ig-parameter"
      },
      {
        "extension": [
          {
            "url": "code",
            "valueString": "apply-contact"
          },
          {
            "url": "value",
            "valueString": "true"
          }
        ],
        "url": "http://hl7.org/fhir/tools/StructureDefinition/ig-parameter"
      },
      {
        "extension": [
          {
            "url": "code",
            "valueString": "apply-context"
          },
          {
            "url": "value",
            "valueString": "true"
          }
        ],
        "url": "http://hl7.org/fhir/tools/StructureDefinition/ig-parameter"
      },
      {
        "extension": [
          {
            "url": "code",
            "valueString": "apply-copyright"
          },
          {
            "url": "value",
            "valueString": "true"
          }
        ],
        "url": "http://hl7.org/fhir/tools/StructureDefinition/ig-parameter"
      },
      {
        "extension": [
          {
            "url": "code",
            "valueString": "apply-jurisdiction"
          },
          {
            "url": "value",
            "valueString": "true"
          }
        ],
        "url": "http://hl7.org/fhir/tools/StructureDefinition/ig-parameter"
      },
      {
        "extension": [
          {
            "url": "code",
            "valueString": "apply-license"
          },
          {
            "url": "value",
            "valueString": "true"
          }
        ],
        "url": "http://hl7.org/fhir/tools/StructureDefinition/ig-parameter"
      },
      {
        "extension": [
          {
            "url": "code",
            "valueString": "apply-publisher"
          },
          {
            "url": "value",
            "valueString": "true"
          }
        ],
        "url": "http://hl7.org/fhir/tools/StructureDefinition/ig-parameter"
      },
      {
        "extension": [
          {
            "url": "code",
            "valueString": "apply-version"
          },
          {
            "url": "value",
            "valueString": "true"
          }
        ],
        "url": "http://hl7.org/fhir/tools/StructureDefinition/ig-parameter"
      },
      {
        "extension": [
          {
            "url": "code",
            "valueString": "active-tables"
          },
          {
            "url": "value",
            "valueString": "true"
          }
        ],
        "url": "http://hl7.org/fhir/tools/StructureDefinition/ig-parameter"
      },
      {
        "extension": [
          {
            "url": "code",
            "valueString": "fmm-definition"
          },
          {
            "url": "value",
            "valueString": "http://hl7.org/fhir/versions.html#maturity"
          }
        ],
        "url": "http://hl7.org/fhir/tools/StructureDefinition/ig-parameter"
      },
      {
        "extension": [
          {
            "url": "code",
            "valueString": "propagate-status"
          },
          {
            "url": "value",
            "valueString": "true"
          }
        ],
        "url": "http://hl7.org/fhir/tools/StructureDefinition/ig-parameter"
      },
      {
        "extension": [
          {
            "url": "code",
            "valueString": "excludelogbinaryformat"
          },
          {
            "url": "value",
            "valueString": "true"
          }
        ],
        "url": "http://hl7.org/fhir/tools/StructureDefinition/ig-parameter"
      },
      {
        "extension": [
          {
            "url": "code",
            "valueString": "tabbed-snapshots"
          },
          {
            "url": "value",
            "valueString": "true"
          }
        ],
        "url": "http://hl7.org/fhir/tools/StructureDefinition/ig-parameter"
      }
    ],
    "resource": [
      {
        "extension": [
          {
            "url": "http://hl7.org/fhir/tools/StructureDefinition/resource-information",
            "valueString": "StructureDefinition:resource"
          }
        ],
        "reference": {
          "reference": "StructureDefinition/ndh-CareTeam"
        },
        "name": "NDH Care Team",
        "description": "Defines the basic constraints and extensions on the CareTeam resource for use in a Validated Healthcare Directory",
        "exampleBoolean": false
      },
      {
        "extension": [
          {
            "url": "http://hl7.org/fhir/tools/StructureDefinition/resource-information",
            "valueString": "StructureDefinition:resource"
          }
        ],
        "reference": {
          "reference": "StructureDefinition/ndh-Endpoint"
        },
        "name": "NDH Endpoint",
        "description": "The technical details of an endpoint that can be used for electronic services, such as a portal or FHIR REST services, messaging or operations, or DIRECT messaging.",
        "exampleBoolean": false
      },
      {
        "extension": [
          {
            "url": "http://hl7.org/fhir/tools/StructureDefinition/resource-information",
            "valueString": "StructureDefinition:resource"
          }
        ],
        "reference": {
          "reference": "StructureDefinition/ndh-HealthcareService"
        },
        "name": "NDH HealthcareService",
        "description": "The HealthCareService resource typically describes services offered by an organization/practitioner at a location. \r\nThe resource may be used to encompass a variety of services covering the entire healthcare spectrum, including promotion, prevention, diagnostics, pharmacy, \r\nhospital and ambulatory care, home care, long-term care, and other health-related and community services.",
        "exampleBoolean": false
      },
      {
        "extension": [
          {
            "url": "http://hl7.org/fhir/tools/StructureDefinition/resource-information",
            "valueString": "StructureDefinition:resource"
          }
        ],
        "reference": {
          "reference": "StructureDefinition/ndh-InsurancePlan"
        },
        "name": "NDH InsurancePlan",
        "description": "An InsurancePlan is a discrete package of health insurance coverage benefits that are offered under a particular network type. A given payer’s products \r\ntypically differ by network type and/or covered benefits. A plan pairs a product’s covered benefits with the particular cost sharing structure offered to a consumer. \r\nA given product may comprise multiple plans (i.e. each plan offers different cost sharing requirements for the same set of covered benefits).\r\nInsurancePlan describes a health insurance offering comprised of a list of covered benefits (i.e. the product), costs associated with those benefits (i.e. the plan), \r\nand additional information about the offering, such as who it is owned and administered by, a coverage area, contact information, etc.",
        "exampleBoolean": false
      },
      {
        "extension": [
          {
            "url": "http://hl7.org/fhir/tools/StructureDefinition/resource-information",
            "valueString": "StructureDefinition:resource"
          }
        ],
        "reference": {
          "reference": "StructureDefinition/ndh-Location"
        },
        "name": "NDH Location",
        "description": "A Location is the physical place where healthcare services are provided, practitioners are employed, \r\n                 organizations are based, etc. Locations can range in scope from a room in a building to a geographic region/area.",
        "exampleBoolean": false
      },
      {
        "extension": [
          {
            "url": "http://hl7.org/fhir/tools/StructureDefinition/resource-information",
            "valueString": "StructureDefinition:resource"
          }
        ],
        "reference": {
          "reference": "StructureDefinition/ndh-Network"
        },
        "name": "NDH Network",
        "description": "A Network refers to a healthcare provider insurance network. A healthcare provider insurance network is an aggregation of organizations and individuals \r\nthat deliver a set of services across a geography through health insurance products/plans. A network is typically owned by a payer.\r\nIn the NDH IG, individuals and organizations are represented as participants in a National Directory Exchange Network through the practitionerRole and \r\nNational Directory Exchange-organizationAffiliation resources, respectively.",
        "exampleBoolean": false
      },
      {
        "extension": [
          {
            "url": "http://hl7.org/fhir/tools/StructureDefinition/resource-information",
            "valueString": "StructureDefinition:resource"
          }
        ],
        "reference": {
          "reference": "StructureDefinition/ndh-Organization"
        },
        "name": "NDH Organization",
        "description": "An organization is a formal or informal grouping of people or organizations with a common purpose, such as a company, institution, corporation, \r\ncommunity group, or healthcare practice. Guidance: When the contact is a department name, rather than a human (e.g., patient help line), include a blank family \r\nand given name, and provide the department name in contact.name.text",
        "exampleBoolean": false
      },
      {
        "extension": [
          {
            "url": "http://hl7.org/fhir/tools/StructureDefinition/resource-information",
            "valueString": "StructureDefinition:resource"
          }
        ],
        "reference": {
          "reference": "StructureDefinition/ndh-OrganizationAffiliation"
        },
        "name": "NDH OrganizationAffiliation",
        "description": "The OrganizationAffiliation resource describes relationships between two or more organizations, including the services one organization provides another, \r\nthe location(s) where they provide services, the availability of those services, electronic endpoints, and other relevant information.",
        "exampleBoolean": false
      },
      {
        "extension": [
          {
            "url": "http://hl7.org/fhir/tools/StructureDefinition/resource-information",
            "valueString": "StructureDefinition:resource"
          }
        ],
        "reference": {
          "reference": "StructureDefinition/ndh-Practitioner"
        },
        "name": "NDH Practitioner",
        "description": "Practitioner is a person who is directly or indirectly involved in the provisioning of healthcare.",
        "exampleBoolean": false
      },
      {
        "extension": [
          {
            "url": "http://hl7.org/fhir/tools/StructureDefinition/resource-information",
            "valueString": "StructureDefinition:resource"
          }
        ],
        "reference": {
          "reference": "StructureDefinition/ndh-PractitionerRole"
        },
        "name": "NDH PractitionerRole",
        "description": "PractionerRole describes details about a provider, which can be a practitioner or an organization. When the provider is a practitioner, \r\nthere may be a relationship to an organization. A provider renders services to patients at a location. When the provider is a practitioner, there may also \r\nbe a relationship to an organization. Practitioner participation in healthcare provider insurance networks may be direct or through their role at an organization.",
        "exampleBoolean": false
      },
      {
        "extension": [
          {
            "url": "http://hl7.org/fhir/tools/StructureDefinition/resource-information",
            "valueString": "StructureDefinition:resource"
          }
        ],
        "reference": {
          "reference": "StructureDefinition/ndh-Restriction"
        },
        "name": "NDH Restriction",
        "description": "Restriction on use/release of exchanged information",
        "exampleBoolean": false
      },
      {
        "extension": [
          {
            "url": "http://hl7.org/fhir/tools/StructureDefinition/resource-information",
            "valueString": "StructureDefinition:resource"
          }
        ],
        "reference": {
          "reference": "StructureDefinition/ndh-Verification"
        },
        "name": "NDH Verification",
        "description": "Describes Verification requirements, source(s), status and dates for one or more elements",
        "exampleBoolean": false
      },
      {
        "extension": [
          {
            "url": "http://hl7.org/fhir/tools/StructureDefinition/resource-information",
            "valueString": "StructureDefinition:extension"
          }
        ],
        "reference": {
          "reference": "StructureDefinition/base-ext-accessibility"
        },
        "name": "Accessibility",
        "description": "An extension to describe accessibility options offered by a practitioner or at a location.",
        "exampleBoolean": false
      },
      {
        "extension": [
          {
            "url": "http://hl7.org/fhir/tools/StructureDefinition/resource-information",
            "valueString": "StructureDefinition:extension"
          }
        ],
        "reference": {
          "reference": "StructureDefinition/base-ext-associatedServers"
        },
        "name": "Associated Servers",
        "description": "Associated Servers",
        "exampleBoolean": false
      },
      {
        "extension": [
          {
            "url": "http://hl7.org/fhir/tools/StructureDefinition/resource-information",
            "valueString": "StructureDefinition:extension"
          }
        ],
        "reference": {
          "reference": "StructureDefinition/base-ext-careteam-alias"
        },
        "name": "NDH Careteam Alias",
        "description": "Alternate names by which the team is known",
        "exampleBoolean": false
      },
      {
        "extension": [
          {
            "url": "http://hl7.org/fhir/tools/StructureDefinition/resource-information",
            "valueString": "StructureDefinition:extension"
          }
        ],
        "reference": {
          "reference": "StructureDefinition/base-ext-communication-proficiency"
        },
        "name": "Communication Proficiency",
        "description": "An extension to express a practitioner’s spoken proficiency with the language indicated in practitioner.communication.",
        "exampleBoolean": false
      },
      {
        "extension": [
          {
            "url": "http://hl7.org/fhir/tools/StructureDefinition/resource-information",
            "valueString": "StructureDefinition:extension"
          }
        ],
        "reference": {
          "reference": "StructureDefinition/base-ext-contactpoint-availabletime"
        },
        "name": "Contactpoint Availabletime",
        "description": "An extension representing the days and times a contact point is available",
        "exampleBoolean": false
      },
      {
        "extension": [
          {
            "url": "http://hl7.org/fhir/tools/StructureDefinition/resource-information",
            "valueString": "StructureDefinition:extension"
          }
        ],
        "reference": {
          "reference": "StructureDefinition/base-ext-delivery-method"
        },
        "name": "Delivery Method",
        "description": "An extension describing the service delivery method.   If service delivery is virtual, one or more delivery modalities should be specified.",
        "exampleBoolean": false
      },
      {
        "extension": [
          {
            "url": "http://hl7.org/fhir/tools/StructureDefinition/resource-information",
            "valueString": "StructureDefinition:extension"
          }
        ],
        "reference": {
          "reference": "StructureDefinition/base-ext-dynamicRegistration"
        },
        "name": "Dynamic Registration",
        "description": "Dynamic Registration",
        "exampleBoolean": false
      },
      {
        "extension": [
          {
            "url": "http://hl7.org/fhir/tools/StructureDefinition/resource-information",
            "valueString": "StructureDefinition:extension"
          }
        ],
        "reference": {
          "reference": "StructureDefinition/base-ext-endpoint-reference"
        },
        "name": "NDH Practitioner Endpoint Reference",
        "description": "The technical details of an endpoint that can be used for electronic services",
        "exampleBoolean": false
      },
      {
        "extension": [
          {
            "url": "http://hl7.org/fhir/tools/StructureDefinition/resource-information",
            "valueString": "StructureDefinition:extension"
          }
        ],
        "reference": {
          "reference": "StructureDefinition/base-ext-endpointType"
        },
        "name": "Endpoint Type",
        "description": "Type of Endpoint",
        "exampleBoolean": false
      },
      {
        "extension": [
          {
            "url": "http://hl7.org/fhir/tools/StructureDefinition/resource-information",
            "valueString": "StructureDefinition:extension"
          }
        ],
        "reference": {
          "reference": "StructureDefinition/base-ext-endpoint-usecase"
        },
        "name": "Endpoint Usecase",
        "description": "EndpointUseCase is an enumeration of the specific use cases (service descriptions) supported by the endpoint",
        "exampleBoolean": false
      },
      {
        "extension": [
          {
            "url": "http://hl7.org/fhir/tools/StructureDefinition/resource-information",
            "valueString": "StructureDefinition:extension"
          }
        ],
        "reference": {
          "reference": "StructureDefinition/base-ext-fundingSource"
        },
        "name": "Funding Source",
        "description": "The sources of funding for a service or organization",
        "exampleBoolean": false
      },
      {
        "extension": [
          {
            "url": "http://hl7.org/fhir/tools/StructureDefinition/resource-information",
            "valueString": "StructureDefinition:extension"
          }
        ],
        "reference": {
          "reference": "StructureDefinition/base-ext-healthcareservice-reference"
        },
        "name": "NDH Healthcareservice Reference",
        "description": "Reference to healthcareservice resource",
        "exampleBoolean": false
      },
      {
        "extension": [
          {
            "url": "http://hl7.org/fhir/tools/StructureDefinition/resource-information",
            "valueString": "StructureDefinition:extension"
          }
        ],
        "reference": {
          "reference": "StructureDefinition/base-ext-igsSupported"
        },
        "name": "IGs Supported",
        "description": "IGs Supported document the different types of IGs supported by the Endpoint.",
        "exampleBoolean": false
      },
      {
        "extension": [
          {
            "url": "http://hl7.org/fhir/tools/StructureDefinition/resource-information",
            "valueString": "StructureDefinition:extension"
          }
        ],
        "reference": {
          "reference": "StructureDefinition/base-ext-identifier-status"
        },
        "name": "NDH Identifier Status",
        "description": "Describes the status of an identifier",
        "exampleBoolean": false
      },
      {
        "extension": [
          {
            "url": "http://hl7.org/fhir/tools/StructureDefinition/resource-information",
            "valueString": "StructureDefinition:extension"
          }
        ],
        "reference": {
          "reference": "StructureDefinition/base-ext-location-reference"
        },
        "name": "Location Reference",
        "description": "A reference to a Location resource (NDH-Location) defining the coverage area of a health insurance provider network",
        "exampleBoolean": false
      },
      {
        "extension": [
          {
            "url": "http://hl7.org/fhir/tools/StructureDefinition/resource-information",
            "valueString": "StructureDefinition:extension"
          }
        ],
        "reference": {
          "reference": "StructureDefinition/base-ext-network-reference"
        },
        "name": "Network Reference",
        "description": "A reference to the healthcare provider insurance networks (NdhNetwork) the practitioner participates in through their role",
        "exampleBoolean": false
      },
      {
        "extension": [
          {
            "url": "http://hl7.org/fhir/tools/StructureDefinition/resource-information",
            "valueString": "StructureDefinition:extension"
          }
        ],
        "reference": {
          "reference": "StructureDefinition/base-ext-newpatients"
        },
        "name": "New Patients",
        "description": "New Patients indicates whether new patients are being accepted in general, or from a specific network.   \r\n              This extension is included in the PractitionerRole, HealthcareService, and Location profiles.  \r\n              This provides needed flexibility for specifying whether a provider accepts new patients by location and network.",
        "exampleBoolean": false
      },
      {
        "extension": [
          {
            "url": "http://hl7.org/fhir/tools/StructureDefinition/resource-information",
            "valueString": "StructureDefinition:extension"
          }
        ],
        "reference": {
          "reference": "StructureDefinition/base-ext-org-description"
        },
        "name": "Org Description",
        "description": "An extension to provide a human-readable description of an organization",
        "exampleBoolean": false
      },
      {
        "extension": [
          {
            "url": "http://hl7.org/fhir/tools/StructureDefinition/resource-information",
            "valueString": "StructureDefinition:extension"
          }
        ],
        "reference": {
          "reference": "StructureDefinition/base-ext-paymentAccepted"
        },
        "name": "Payment Accepted",
        "description": "Methods of payment that can be used for a healthcare service",
        "exampleBoolean": false
      },
      {
        "extension": [
          {
            "url": "http://hl7.org/fhir/tools/StructureDefinition/resource-information",
            "valueString": "StructureDefinition:extension"
          }
        ],
        "reference": {
          "reference": "StructureDefinition/base-ext-practitioner-qualification"
        },
        "name": "Practitioner Qualification",
        "description": "An extension to add status and whereValid elements to a practitioner’s qualifications.",
        "exampleBoolean": false
      },
      {
        "extension": [
          {
            "url": "http://hl7.org/fhir/tools/StructureDefinition/resource-information",
            "valueString": "StructureDefinition:extension"
          }
        ],
        "reference": {
          "reference": "StructureDefinition/base-ext-rating"
        },
        "name": "Rating",
        "description": "Rating",
        "exampleBoolean": false
      },
      {
        "extension": [
          {
            "url": "http://hl7.org/fhir/tools/StructureDefinition/resource-information",
            "valueString": "StructureDefinition:extension"
          }
        ],
        "reference": {
          "reference": "StructureDefinition/base-ext-requiredDocument"
        },
        "name": "Required Document",
        "description": "Documents that are required in order to access or use services (eg. Gov't issued ID, passport)",
        "exampleBoolean": false
      },
      {
        "extension": [
          {
            "url": "http://hl7.org/fhir/tools/StructureDefinition/resource-information",
            "valueString": "StructureDefinition:extension"
          }
        ],
        "reference": {
          "reference": "StructureDefinition/base-ext-secureEndpoint"
        },
        "name": "Secure Endpoint",
        "description": "Is the Endpoint Secured",
        "exampleBoolean": false
      },
      {
        "extension": [
          {
            "url": "http://hl7.org/fhir/tools/StructureDefinition/resource-information",
            "valueString": "StructureDefinition:extension"
          }
        ],
        "reference": {
          "reference": "StructureDefinition/base-ext-secureExchangeArtifacts"
        },
        "name": "Secure Exchange Artifacts",
        "description": "Secure Exchange Artifacts",
        "exampleBoolean": false
      },
      {
        "extension": [
          {
            "url": "http://hl7.org/fhir/tools/StructureDefinition/resource-information",
            "valueString": "StructureDefinition:extension"
          }
        ],
        "reference": {
          "reference": "StructureDefinition/base-ext-trustFramework"
        },
        "name": "Trust Framework",
        "description": "Trust Framework",
        "exampleBoolean": false
      },
      {
        "extension": [
          {
            "url": "http://hl7.org/fhir/tools/StructureDefinition/resource-information",
            "valueString": "StructureDefinition:extension"
          }
        ],
        "reference": {
          "reference": "StructureDefinition/base-ext-usage-restriction"
        },
        "name": "NDH Usage Restriction",
        "description": "The FHIR specification contains a security meta tag which can be used to inform systems of the sensitivity of resources, as well as by access control \nmechanisms to ensure content isn't exposed that shouldn't be. This mechanism only goes to the resource level, this reference to a usage-restriction (consent) extends \nthis further into the resource, and can be applied to any element, and may apply to all properties beneath the element (e.g. If applied to an identifier on a practitioner, \nthen all the properties of the identifier should not be exposed unless it is understood) This will be expected to be used as a modifier extension.",
        "exampleBoolean": false
      },
      {
        "extension": [
          {
            "url": "http://hl7.org/fhir/tools/StructureDefinition/resource-information",
            "valueString": "StructureDefinition:extension"
          }
        ],
        "reference": {
          "reference": "StructureDefinition/base-ext-via-intermediary"
        },
        "name": "Via Intermediary",
        "description": "A reference to an alternative point of contact (NdhPractitionerRole, NdhOrganization, NdhOrganizationAffiliation, or NdhLocation) for this organization",
        "exampleBoolean": false
      },
      {
        "extension": [
          {
            "url": "http://hl7.org/fhir/tools/StructureDefinition/resource-information",
            "valueString": "ValueSet"
          }
        ],
        "reference": {
          "reference": "ValueSet/AcceptingPatientsVS"
        },
        "name": "Accepting Patients Codes Value Set",
        "description": "Codes to identify if the practice is accepting new patients",
        "exampleBoolean": false
      },
      {
        "extension": [
          {
            "url": "http://hl7.org/fhir/tools/StructureDefinition/resource-information",
            "valueString": "ValueSet"
          }
        ],
        "reference": {
          "reference": "ValueSet/AccessibilityVS"
        },
        "name": "Accessibility Value Set",
        "description": "Codes for documenting general categories of accommodations available",
        "exampleBoolean": false
      },
      {
        "extension": [
          {
            "url": "http://hl7.org/fhir/tools/StructureDefinition/resource-information",
            "valueString": "ValueSet"
          }
        ],
        "reference": {
          "reference": "ValueSet/DeliveryMethodVS"
        },
        "name": "Delivery Methods Value Set",
        "description": "Codes for documenting delivery methods",
        "exampleBoolean": false
      },
      {
        "extension": [
          {
            "url": "http://hl7.org/fhir/tools/StructureDefinition/resource-information",
            "valueString": "ValueSet"
          }
        ],
        "reference": {
          "reference": "ValueSet/EndpointConnectionTypeVS"
        },
        "name": "Endpoint Connection Types Value Set",
        "description": "Endpoint Connection Types",
        "exampleBoolean": false
      },
      {
        "extension": [
          {
            "url": "http://hl7.org/fhir/tools/StructureDefinition/resource-information",
            "valueString": "ValueSet"
          }
        ],
        "reference": {
          "reference": "ValueSet/EndpointPayloadTypeVS"
        },
        "name": "Endpoint Payload Type Value Set",
        "description": "Endpoint Payload Types are constrained to NA (Not Applicable) as part of this IG",
        "exampleBoolean": false
      },
      {
        "extension": [
          {
            "url": "http://hl7.org/fhir/tools/StructureDefinition/resource-information",
            "valueString": "ValueSet"
          }
        ],
        "reference": {
          "reference": "ValueSet/EndpointTypeVS"
        },
        "name": "Endpoint Type Value Set",
        "description": "Codes to identify Endpoint Type",
        "exampleBoolean": false
      },
      {
        "extension": [
          {
            "url": "http://hl7.org/fhir/tools/StructureDefinition/resource-information",
            "valueString": "ValueSet"
          }
        ],
        "reference": {
          "reference": "ValueSet/EndpointUsecaseVS"
        },
        "name": "Endpoint Usecases Value Set",
        "description": "Codes for documenting business use case by a general grouping by business area.",
        "exampleBoolean": false
      },
      {
        "extension": [
          {
            "url": "http://hl7.org/fhir/tools/StructureDefinition/resource-information",
            "valueString": "ValueSet"
          }
        ],
        "reference": {
          "reference": "ValueSet/HealthcareServiceCategoryVS"
        },
        "name": "Healthcare Service Category Value Set",
        "description": "Broad categories of healthcare services being performed or delivered.",
        "exampleBoolean": false
      },
      {
        "extension": [
          {
            "url": "http://hl7.org/fhir/tools/StructureDefinition/resource-information",
            "valueString": "ValueSet"
          }
        ],
        "reference": {
          "reference": "ValueSet/HealthcareServiceTypeVS"
        },
        "name": "HealthcareService Type Value Set",
        "description": "HealthCareService type Value Set",
        "exampleBoolean": false
      },
      {
        "extension": [
          {
            "url": "http://hl7.org/fhir/tools/StructureDefinition/resource-information",
            "valueString": "ValueSet"
          }
        ],
        "reference": {
          "reference": "ValueSet/IdentifierStatusVS"
        },
        "name": "Identifier Status Value Set",
        "description": "Codes for Identifier Status",
        "exampleBoolean": false
      },
      {
        "extension": [
          {
            "url": "http://hl7.org/fhir/tools/StructureDefinition/resource-information",
            "valueString": "ValueSet"
          }
        ],
        "reference": {
          "reference": "ValueSet/IgTypeVS"
        },
        "name": "IG Type Value Set",
        "description": "Codes to identify IG Type",
        "exampleBoolean": false
      },
      {
        "extension": [
          {
            "url": "http://hl7.org/fhir/tools/StructureDefinition/resource-information",
            "valueString": "ValueSet"
          }
        ],
        "reference": {
          "reference": "ValueSet/IndividualAndGroupSpecialtiesVS"
        },
        "name": "Individual and Group Specialties",
        "description": "Individual and Group Specialties from National Uniform Claim Committee (NUCC) Health Care Provider Taxonomy code set.",
        "exampleBoolean": false
      },
      {
        "extension": [
          {
            "url": "http://hl7.org/fhir/tools/StructureDefinition/resource-information",
            "valueString": "ValueSet"
          }
        ],
        "reference": {
          "reference": "ValueSet/IndividualSpecialtyAndDegreeLicenseCertificateVS"
        },
        "name": "Individual Specialties, Degrees, Licenses, and Certificates Value Set",
        "description": "Individual Specialties, Degrees, Licenses, and Certificates",
        "exampleBoolean": false
      },
      {
        "extension": [
          {
            "url": "http://hl7.org/fhir/tools/StructureDefinition/resource-information",
            "valueString": "ValueSet"
          }
        ],
        "reference": {
          "reference": "ValueSet/InsurancePlanTypeVS"
        },
        "name": "Insurance Plan Type Value Set",
        "description": "Categories of cost-sharing used by plans",
        "exampleBoolean": false
      },
      {
        "extension": [
          {
            "url": "http://hl7.org/fhir/tools/StructureDefinition/resource-information",
            "valueString": "ValueSet"
          }
        ],
        "reference": {
          "reference": "ValueSet/InsuranceProductTypeVS"
        },
        "name": "Insurance Product Type Value Set",
        "description": "A distinct package of health insurance coverage benefits that are offered using a particular product network type",
        "exampleBoolean": false
      },
      {
        "extension": [
          {
            "url": "http://hl7.org/fhir/tools/StructureDefinition/resource-information",
            "valueString": "ValueSet"
          }
        ],
        "reference": {
          "reference": "ValueSet/LanguageProficiencyVS"
        },
        "name": "Language Proficiency Value Set",
        "description": "Codes for documenting spoken language proficiency based on the Interagency Language Roundtable scale of abilities to communicate in a language",
        "exampleBoolean": false
      },
      {
        "extension": [
          {
            "url": "http://hl7.org/fhir/tools/StructureDefinition/resource-information",
            "valueString": "ValueSet"
          }
        ],
        "reference": {
          "reference": "ValueSet/MinEndpointConnectionTypeVS"
        },
        "name": "Minimum Endpoint Connection Types Value Set",
        "description": "Minimum Endpoint Connection Types",
        "exampleBoolean": false
      },
      {
        "extension": [
          {
            "url": "http://hl7.org/fhir/tools/StructureDefinition/resource-information",
            "valueString": "ValueSet"
          }
        ],
        "reference": {
          "reference": "ValueSet/NetworkTypeVS"
        },
        "name": "Network Type Value Set",
        "description": "Single value describing networks.",
        "exampleBoolean": false
      },
      {
        "extension": [
          {
            "url": "http://hl7.org/fhir/tools/StructureDefinition/resource-information",
            "valueString": "ValueSet"
          }
        ],
        "reference": {
          "reference": "ValueSet/NonIndividualSpecialtiesVS"
        },
        "name": "Non-Individual Specialties",
        "description": "Non-Individual Specialties from National Uniform Claim Committee (NUCC) Health Care Provider Taxonomy code set.",
        "exampleBoolean": false
      },
      {
        "extension": [
          {
            "url": "http://hl7.org/fhir/tools/StructureDefinition/resource-information",
            "valueString": "ValueSet"
          }
        ],
        "reference": {
          "reference": "ValueSet/NonIndividualSpecialtyAndDegreeLicenseCertificateVS"
        },
        "name": "Non-Individual Specialties, Degrees, Licenses, and Certificates Value Set",
        "description": "Non-Individual Specialties, Degrees, Licenses, and Certificates",
        "exampleBoolean": false
      },
      {
        "extension": [
          {
            "url": "http://hl7.org/fhir/tools/StructureDefinition/resource-information",
            "valueString": "ValueSet"
          }
        ],
        "reference": {
          "reference": "ValueSet/OrgAliasTypeVS"
        },
        "name": "Organization Alias Typ Value Sete",
        "description": "Categories of an organization's Alias based on criteria in provider directories.",
        "exampleBoolean": false
      },
      {
        "extension": [
          {
            "url": "http://hl7.org/fhir/tools/StructureDefinition/resource-information",
            "valueString": "ValueSet"
          }
        ],
        "reference": {
          "reference": "ValueSet/OrgTypeVS"
        },
        "name": "Organization Type Value Set",
        "description": "Categories of organizations based on criteria in provider directories.",
        "exampleBoolean": false
      },
      {
        "extension": [
          {
            "url": "http://hl7.org/fhir/tools/StructureDefinition/resource-information",
            "valueString": "ValueSet"
          }
        ],
        "reference": {
          "reference": "ValueSet/OrganizationAffiliationRoleVS"
        },
        "name": "OrganizationAffiliation Roles",
        "description": "Value Set for Organization Affiliation Roles",
        "exampleBoolean": false
      },
      {
        "extension": [
          {
            "url": "http://hl7.org/fhir/tools/StructureDefinition/resource-information",
            "valueString": "ValueSet"
          }
        ],
        "reference": {
          "reference": "ValueSet/PractitionerRoleVS"
        },
        "name": "PractitionerRole Code Value Set",
        "description": "Codes for the capabilities that an individual, group, or organization is acknowledged to have in a payer network, including general codes from the HL7 PractitionerRole Code System",
        "exampleBoolean": false
      },
      {
        "extension": [
          {
            "url": "http://hl7.org/fhir/tools/StructureDefinition/resource-information",
            "valueString": "ValueSet"
          }
        ],
        "reference": {
          "reference": "ValueSet/QualificationStatusVS"
        },
        "name": "Qualification Status Value Set",
        "description": "The state indicating if a qualification is currently valid.",
        "exampleBoolean": false
      },
      {
        "extension": [
          {
            "url": "http://hl7.org/fhir/tools/StructureDefinition/resource-information",
            "valueString": "ValueSet"
          }
        ],
        "reference": {
          "reference": "ValueSet/SpecialtiesVS"
        },
        "name": "Specialties Value Set",
        "description": "Specialties value set based on National Uniform Claim Committee (NUCC) Health Care Provider Taxonomy code set",
        "exampleBoolean": false
      },
      {
        "extension": [
          {
            "url": "http://hl7.org/fhir/tools/StructureDefinition/resource-information",
            "valueString": "ValueSet"
          }
        ],
        "reference": {
          "reference": "ValueSet/SpecialtyAndDegreeLicenseCertificateVS"
        },
        "name": "Specialties, Degrees, Licenses, and Certificates Value Set",
        "description": "Specialties and Degree License and Certificates",
        "exampleBoolean": false
      },
      {
        "extension": [
          {
            "url": "http://hl7.org/fhir/tools/StructureDefinition/resource-information",
            "valueString": "ValueSet"
          }
        ],
        "reference": {
          "reference": "ValueSet/TrustFrameworkTypeVS"
        },
        "name": "Trust Framework Type Value Set",
        "description": "Trust Framework Type",
        "exampleBoolean": false
      },
      {
        "extension": [
          {
            "url": "http://hl7.org/fhir/tools/StructureDefinition/resource-information",
            "valueString": "ValueSet"
          }
        ],
        "reference": {
          "reference": "ValueSet/ValidationProcessVS"
        },
        "name": "Validation Type Value Set",
        "description": "Codes to identify Validation Type",
        "exampleBoolean": false
      },
      {
        "extension": [
          {
            "url": "http://hl7.org/fhir/tools/StructureDefinition/resource-information",
            "valueString": "ValueSet"
          }
        ],
        "reference": {
          "reference": "ValueSet/VirtualModalitiesVS"
        },
        "name": "Virtual Modalities Value Set",
        "description": "Codes for virtual service delivery modalities",
        "exampleBoolean": false
      },
      {
        "extension": [
          {
            "url": "http://hl7.org/fhir/tools/StructureDefinition/resource-information",
            "valueString": "CodeSystem"
          }
        ],
        "reference": {
          "reference": "CodeSystem/AcceptingPatientsCS"
        },
        "name": "Accepting Patients Codes Code System",
        "description": "Codes to identify if the practice is accepting new patients",
        "exampleBoolean": false
      },
      {
        "extension": [
          {
            "url": "http://hl7.org/fhir/tools/StructureDefinition/resource-information",
            "valueString": "CodeSystem"
          }
        ],
        "reference": {
          "reference": "CodeSystem/AccessibilityCS"
        },
        "name": "Accessibility Code System",
        "description": "General categories of accommodations available.",
        "exampleBoolean": false
      },
      {
        "extension": [
          {
            "url": "http://hl7.org/fhir/tools/StructureDefinition/resource-information",
            "valueString": "CodeSystem"
          }
        ],
        "reference": {
          "reference": "CodeSystem/CredentialStatusCS"
        },
        "name": "Credential Status Code System",
        "description": "This code system contains codes for indicating the status of a credential, such as an identifier or qualification.",
        "exampleBoolean": false
      },
      {
        "extension": [
          {
            "url": "http://hl7.org/fhir/tools/StructureDefinition/resource-information",
            "valueString": "CodeSystem"
          }
        ],
        "reference": {
          "reference": "CodeSystem/DeliveryMethodCS"
        },
        "name": "Delivery Methods Code System",
        "description": "Categories of healthcare service delivery methods.",
        "exampleBoolean": false
      },
      {
        "extension": [
          {
            "url": "http://hl7.org/fhir/tools/StructureDefinition/resource-information",
            "valueString": "CodeSystem"
          }
        ],
        "reference": {
          "reference": "CodeSystem/EndpointConnectionTypeCS"
        },
        "name": "Endpoint Connection Types (additional) Code System",
        "description": "Extension codes for http://terminology.hl7.org/CodeSystem/endpoint-connection-type",
        "exampleBoolean": false
      },
      {
        "extension": [
          {
            "url": "http://hl7.org/fhir/tools/StructureDefinition/resource-information",
            "valueString": "CodeSystem"
          }
        ],
        "reference": {
          "reference": "CodeSystem/EndpointPayloadTypeCS"
        },
        "name": "Endpoint Payload Types Code System",
        "description": "Endpoint Payload Types are constrained to NA (Not Applicable) as part of this IG",
        "exampleBoolean": false
      },
      {
        "extension": [
          {
            "url": "http://hl7.org/fhir/tools/StructureDefinition/resource-information",
            "valueString": "CodeSystem"
          }
        ],
        "reference": {
          "reference": "CodeSystem/EndpointTypeCS"
        },
        "name": "Endpoint Type Code System",
        "description": "Endpoint Type",
        "exampleBoolean": false
      },
      {
        "extension": [
          {
            "url": "http://hl7.org/fhir/tools/StructureDefinition/resource-information",
            "valueString": "CodeSystem"
          }
        ],
        "reference": {
          "reference": "CodeSystem/HealthcareServiceCategoryCS"
        },
        "name": "Healthcare Service Category Code System",
        "description": "Broad categories of healthcare services being performed or delivered",
        "exampleBoolean": false
      },
      {
        "extension": [
          {
            "url": "http://hl7.org/fhir/tools/StructureDefinition/resource-information",
            "valueString": "CodeSystem"
          }
        ],
        "reference": {
          "reference": "CodeSystem/IgTypeCS"
        },
        "name": "IG Type Code System",
        "description": "IG Type",
        "exampleBoolean": false
      },
      {
        "extension": [
          {
            "url": "http://hl7.org/fhir/tools/StructureDefinition/resource-information",
            "valueString": "CodeSystem"
          }
        ],
        "reference": {
          "reference": "CodeSystem/InsurancePlanTypeCS"
        },
        "name": "Insurance Plan Type Code System",
        "description": "Categories of cost-sharing used by plans",
        "exampleBoolean": false
      },
      {
        "extension": [
          {
            "url": "http://hl7.org/fhir/tools/StructureDefinition/resource-information",
            "valueString": "CodeSystem"
          }
        ],
        "reference": {
          "reference": "CodeSystem/InsuranceProductTypeCS"
        },
        "name": "Insurance Product Type Code System",
        "description": "A distinct package of health insurance coverage benefits that are offered using a particular product network type.",
        "exampleBoolean": false
      },
      {
        "extension": [
          {
            "url": "http://hl7.org/fhir/tools/StructureDefinition/resource-information",
            "valueString": "CodeSystem"
          }
        ],
        "reference": {
          "reference": "CodeSystem/LanguageProficiencyCS"
        },
        "name": "Language Proficiency Code System",
        "description": "Codes for documenting spoken language proficiency based on the Interagency Language Roundtable scale of abilities to communicate in a language.",
        "exampleBoolean": false
      },
      {
        "extension": [
          {
            "url": "http://hl7.org/fhir/tools/StructureDefinition/resource-information",
            "valueString": "CodeSystem"
          }
        ],
        "reference": {
          "reference": "CodeSystem/OrgAliasTypeCS"
        },
        "name": "Organization Alias Type Code System",
        "description": "The state indicating if an Organization has an alias.",
        "exampleBoolean": false
      },
      {
        "extension": [
          {
            "url": "http://hl7.org/fhir/tools/StructureDefinition/resource-information",
            "valueString": "CodeSystem"
          }
        ],
        "reference": {
          "reference": "CodeSystem/OrgTypeCS"
        },
        "name": "Organization Type Code System",
        "description": "Categories of organizations based on criteria in provider directories.",
        "exampleBoolean": false
      },
      {
        "extension": [
          {
            "url": "http://hl7.org/fhir/tools/StructureDefinition/resource-information",
            "valueString": "CodeSystem"
          }
        ],
        "reference": {
          "reference": "CodeSystem/OrganizationAffiliationRoleCS"
        },
        "name": "Organization Affiliation Role",
        "description": "Codes For Organization Affiliation Role",
        "exampleBoolean": false
      },
      {
        "extension": [
          {
            "url": "http://hl7.org/fhir/tools/StructureDefinition/resource-information",
            "valueString": "CodeSystem"
          }
        ],
        "reference": {
          "reference": "CodeSystem/ProviderRoleCS"
        },
        "name": "Provider Role Codes Code System",
        "description": "A capability that an individual, group, or organization is acknowledged to have in a payer network.",
        "exampleBoolean": false
      },
      {
        "extension": [
          {
            "url": "http://hl7.org/fhir/tools/StructureDefinition/resource-information",
            "valueString": "CodeSystem"
          }
        ],
        "reference": {
          "reference": "CodeSystem/QualificationStatusCS"
        },
        "name": "Qualification Status Code System",
        "description": "The state indicating if a qualification is currently valid.",
        "exampleBoolean": false
      },
      {
        "extension": [
          {
            "url": "http://hl7.org/fhir/tools/StructureDefinition/resource-information",
            "valueString": "CodeSystem"
          }
        ],
        "reference": {
          "reference": "CodeSystem/TrustFrameworkTypeCS"
        },
        "name": "Trust FrameworkType Code System",
        "description": "Trust Framework Type",
        "exampleBoolean": false
      },
      {
        "extension": [
          {
            "url": "http://hl7.org/fhir/tools/StructureDefinition/resource-information",
            "valueString": "CodeSystem"
          }
        ],
        "reference": {
          "reference": "CodeSystem/ValidationTypeCS"
        },
        "name": "Validation Type Code System",
        "description": "This code system contains codes for documenting the attributes of the FHIR resource Validation to reflect the business process of validating information in a Healthcare Directory..",
        "exampleBoolean": false
      },
      {
        "extension": [
          {
            "url": "http://hl7.org/fhir/tools/StructureDefinition/resource-information",
            "valueString": "CodeSystem"
          }
        ],
        "reference": {
          "reference": "CodeSystem/VirtualModalitiesCS"
        },
        "name": "Virtual Modalities Code System",
        "description": "Categories of virtual service delivery modalities.",
        "exampleBoolean": false
      },
      {
        "extension": [
          {
            "url": "http://hl7.org/fhir/tools/StructureDefinition/resource-information",
            "valueString": "CapabilityStatement"
          }
        ],
        "reference": {
          "reference": "CapabilityStatement/ndh-query-BasicEndpoint"
        },
        "name": "NDH Query Basic Endpoint Capability Statement",
        "description": "Capabilities for a basic Query Server where endpoint search capabilities are met",
        "exampleBoolean": false
      },
      {
        "extension": [
          {
            "url": "http://hl7.org/fhir/tools/StructureDefinition/resource-information",
            "valueString": "SearchParameter"
          }
        ],
        "reference": {
          "reference": "SearchParameter/sp-careteam-endpoint"
        },
        "name": "CareTeam endpoint",
        "description": "Select CareTeams with the specified endpoint",
        "exampleBoolean": false
      },
      {
        "extension": [
          {
            "url": "http://hl7.org/fhir/tools/StructureDefinition/resource-information",
            "valueString": "SearchParameter"
          }
        ],
        "reference": {
          "reference": "SearchParameter/sp-careteam-location"
        },
        "name": "CareTeam location",
        "description": "Select CareTeams operating at the specified location",
        "exampleBoolean": false
      },
      {
        "extension": [
          {
            "url": "http://hl7.org/fhir/tools/StructureDefinition/resource-information",
            "valueString": "SearchParameter"
          }
        ],
        "reference": {
          "reference": "SearchParameter/sp-careteam-name"
        },
        "name": "CareTeam name",
        "description": "Select CareTeams with the specified name",
        "exampleBoolean": false
      },
      {
        "extension": [
          {
            "url": "http://hl7.org/fhir/tools/StructureDefinition/resource-information",
            "valueString": "SearchParameter"
          }
        ],
        "reference": {
          "reference": "SearchParameter/sp-careteam-organization"
        },
        "name": "CareTeam organization",
        "description": "Select CareTeams managed by the specified organization",
        "exampleBoolean": false
      },
      {
        "extension": [
          {
            "url": "http://hl7.org/fhir/tools/StructureDefinition/resource-information",
            "valueString": "SearchParameter"
          }
        ],
        "reference": {
          "reference": "SearchParameter/sp-careteam-service"
        },
        "name": "CareTeam service",
        "description": "Select CareTeams providing the specified service",
        "exampleBoolean": false
      },
      {
        "extension": [
          {
            "url": "http://hl7.org/fhir/tools/StructureDefinition/resource-information",
            "valueString": "SearchParameter"
          }
        ],
        "reference": {
          "reference": "SearchParameter/sp-endpoint-mime-type"
        },
        "name": "Endpoint mime-type",
        "description": "Select Endpoints that support the specified mime-type",
        "exampleBoolean": false
      },
      {
        "extension": [
          {
            "url": "http://hl7.org/fhir/tools/StructureDefinition/resource-information",
            "valueString": "SearchParameter"
          }
        ],
        "reference": {
          "reference": "SearchParameter/sp-endpoint-organization"
        },
        "name": "Endpoint organization",
        "description": "Select Endpoints managed by the specified organization",
        "exampleBoolean": false
      },
      {
        "extension": [
          {
            "url": "http://hl7.org/fhir/tools/StructureDefinition/resource-information",
            "valueString": "SearchParameter"
          }
        ],
        "reference": {
          "reference": "SearchParameter/sp-endpoint-usecase-standard"
        },
        "name": "Endpoint usecase-standard",
        "description": "Select Endpoints that support the specified usecase standard",
        "exampleBoolean": false
      },
      {
        "extension": [
          {
            "url": "http://hl7.org/fhir/tools/StructureDefinition/resource-information",
            "valueString": "SearchParameter"
          }
        ],
        "reference": {
          "reference": "SearchParameter/sp-endpoint-usecase-type"
        },
        "name": "Endpoint usecase-type",
        "description": "Select Endpoints that support the type of services indicated by the specified usecase-type",
        "exampleBoolean": false
      },
      {
        "extension": [
          {
            "url": "http://hl7.org/fhir/tools/StructureDefinition/resource-information",
            "valueString": "SearchParameter"
          }
        ],
        "reference": {
          "reference": "SearchParameter/sp-insuranceplan-coverage-area"
        },
        "name": "InsurancePlan coverage-area",
        "description": "Select products that are offered in the specified location",
        "exampleBoolean": false
      },
      {
        "extension": [
          {
            "url": "http://hl7.org/fhir/tools/StructureDefinition/resource-information",
            "valueString": "SearchParameter"
          }
        ],
        "reference": {
          "reference": "SearchParameter/sp-insuranceplan-coverage-benefit-type"
        },
        "name": "InsurancePlan coverage-benefit-type",
        "description": "Select products that are offered in the specified location",
        "exampleBoolean": false
      },
      {
        "extension": [
          {
            "url": "http://hl7.org/fhir/tools/StructureDefinition/resource-information",
            "valueString": "SearchParameter"
          }
        ],
        "reference": {
          "reference": "SearchParameter/sp-insuranceplan-coverage-network"
        },
        "name": "InsurancePlan coverage-network",
        "description": "Select products offering covered benefits through the specified health insurance provider network",
        "exampleBoolean": false
      },
      {
        "extension": [
          {
            "url": "http://hl7.org/fhir/tools/StructureDefinition/resource-information",
            "valueString": "SearchParameter"
          }
        ],
        "reference": {
          "reference": "SearchParameter/sp-locaion-physical-type"
        },
        "name": "Location physical-type",
        "description": "Select Locations of the specified physical type",
        "exampleBoolean": false
      },
      {
        "extension": [
          {
            "url": "http://hl7.org/fhir/tools/StructureDefinition/resource-information",
            "valueString": "SearchParameter"
          }
        ],
        "reference": {
          "reference": "SearchParameter/sp-network-coverage-area"
        },
        "name": "Network coverage-area",
        "description": "Select health insurance provider networks available in a regin described by the specified location",
        "exampleBoolean": false
      },
      {
        "extension": [
          {
            "url": "http://hl7.org/fhir/tools/StructureDefinition/resource-information",
            "valueString": "SearchParameter"
          }
        ],
        "reference": {
          "reference": "SearchParameter/sp-organization-endpoint"
        },
        "name": "Organization endpoint",
        "description": "Select Organizations with the specified endpoint",
        "exampleBoolean": false
      },
      {
        "extension": [
          {
            "url": "http://hl7.org/fhir/tools/StructureDefinition/resource-information",
            "valueString": "SearchParameter"
          }
        ],
        "reference": {
          "reference": "SearchParameter/sp-practitioner-identifier-assigner"
        },
        "name": "Practitioner identifier-assigner",
        "description": "Select Practitioners with an identifier issued by the specified organition",
        "exampleBoolean": false
      },
      {
        "extension": [
          {
            "url": "http://hl7.org/fhir/tools/StructureDefinition/resource-information",
            "valueString": "SearchParameter"
          }
        ],
        "reference": {
          "reference": "SearchParameter/sp-practitioner-qualification-code"
        },
        "name": "Practitioner qualification-code",
        "description": "Select Practitioner with a type of qualification matching the specific code",
        "exampleBoolean": false
      },
      {
        "extension": [
          {
            "url": "http://hl7.org/fhir/tools/StructureDefinition/resource-information",
            "valueString": "SearchParameter"
          }
        ],
        "reference": {
          "reference": "SearchParameter/sp-practitioner-qualification-issuer"
        },
        "name": "Practitioner qualification-issuer",
        "description": "Select Practitioners with a qualification issued by the specified organition",
        "exampleBoolean": false
      },
      {
        "extension": [
          {
            "url": "http://hl7.org/fhir/tools/StructureDefinition/resource-information",
            "valueString": "SearchParameter"
          }
        ],
        "reference": {
          "reference": "SearchParameter/sp-practitionerrole-network"
        },
        "name": "PractitionerRole network",
        "description": "Select roles where the practitioner is a member of the specified health insurance provider network",
        "exampleBoolean": false
      },
      {
        "extension": [
          {
            "url": "http://hl7.org/fhir/tools/StructureDefinition/resource-information",
            "valueString": "SearchParameter"
          }
        ],
        "reference": {
          "reference": "SearchParameter/sp-verificationresult-attestation-who"
        },
        "name": "VerificationResult attestation-who",
        "description": "Select validation information for data that was attested to by the specified individual or organization",
        "exampleBoolean": false
      },
      {
        "extension": [
          {
            "url": "http://hl7.org/fhir/tools/StructureDefinition/resource-information",
            "valueString": "SearchParameter"
          }
        ],
        "reference": {
          "reference": "SearchParameter/sp-verificationresult-primarysource-who"
        },
        "name": "VerificationResult primarysource-who",
        "description": "Select verification information for data that was verified against the specified primary source",
        "exampleBoolean": false
      }
    ],
    "page": {
      "extension": [
        {
          "url": "http://hl7.org/fhir/tools/StructureDefinition/ig-page-name",
          "valueUrl": "toc.html"
        }
      ],
      "nameUrl": "toc.html",
      "title": "Table of Contents",
      "generation": "html",
      "page": [
        {
          "extension": [
            {
              "url": "http://hl7.org/fhir/tools/StructureDefinition/ig-page-name",
              "valueUrl": "index.html"
            }
          ],
          "nameUrl": "index.html",
          "title": "Home",
          "generation": "markdown"
        },
        {
          "extension": [
            {
              "url": "http://hl7.org/fhir/tools/StructureDefinition/ig-page-name",
              "valueUrl": "base-artifacts.html"
            }
          ],
          "nameUrl": "base-artifacts.html",
          "title": "Base Artifacts",
          "generation": "markdown"
        },
        {
          "extension": [
            {
              "url": "http://hl7.org/fhir/tools/StructureDefinition/ig-page-name",
              "valueUrl": "exchange-use-cases.html"
            }
          ],
          "nameUrl": "exchange-use-cases.html",
          "title": "Exchange Use Cases",
          "generation": "markdown"
        },
        {
          "extension": [
            {
              "url": "http://hl7.org/fhir/tools/StructureDefinition/ig-page-name",
              "valueUrl": "exchange-flow-diagrams.html"
            }
          ],
          "nameUrl": "exchange-flow-diagrams.html",
          "title": "Exchange Flow Diagrams",
          "generation": "markdown"
        },
        {
          "extension": [
            {
              "url": "http://hl7.org/fhir/tools/StructureDefinition/ig-page-name",
              "valueUrl": "exchange-ig.html"
            }
          ],
          "nameUrl": "exchange-ig.html",
          "title": "Exchange Implementation Guide",
          "generation": "markdown"
        },
        {
          "extension": [
            {
              "url": "http://hl7.org/fhir/tools/StructureDefinition/ig-page-name",
              "valueUrl": "exchange-artifacts.html"
            }
          ],
          "nameUrl": "exchange-artifacts.html",
          "title": "Exchange Artifacts",
          "generation": "markdown"
        },
        {
          "extension": [
            {
              "url": "http://hl7.org/fhir/tools/StructureDefinition/ig-page-name",
              "valueUrl": "exchange-capability.html"
            }
          ],
          "nameUrl": "exchange-capability.html",
          "title": "Exchange Capability Satement",
          "generation": "markdown"
        },
        {
          "extension": [
            {
              "url": "http://hl7.org/fhir/tools/StructureDefinition/ig-page-name",
              "valueUrl": "exchange-examples.html"
            }
          ],
          "nameUrl": "exchange-examples.html",
          "title": "Exchange Examples",
          "generation": "markdown"
        },
        {
          "extension": [
            {
              "url": "http://hl7.org/fhir/tools/StructureDefinition/ig-page-name",
              "valueUrl": "attestation-use-cases.html"
            }
          ],
          "nameUrl": "attestation-use-cases.html",
          "title": "Attestation Use Cases",
          "generation": "markdown"
        },
        {
          "extension": [
            {
              "url": "http://hl7.org/fhir/tools/StructureDefinition/ig-page-name",
              "valueUrl": "attestation-flow-diagrams.html"
            }
          ],
          "nameUrl": "attestation-flow-diagrams.html",
          "title": "Attestation Flow Diagrams",
          "generation": "markdown"
        },
        {
          "extension": [
            {
              "url": "http://hl7.org/fhir/tools/StructureDefinition/ig-page-name",
              "valueUrl": "attestation-ig.html"
            }
          ],
          "nameUrl": "attestation-ig.html",
          "title": "Attestation Implementation Guide",
          "generation": "markdown"
        },
        {
          "extension": [
            {
              "url": "http://hl7.org/fhir/tools/StructureDefinition/ig-page-name",
              "valueUrl": "attestation-artifacts.html"
            }
          ],
          "nameUrl": "attestation-artifacts.html",
          "title": "Attestation Artifacts",
          "generation": "markdown"
        },
        {
          "extension": [
            {
              "url": "http://hl7.org/fhir/tools/StructureDefinition/ig-page-name",
              "valueUrl": "attestation-capability.html"
            }
          ],
          "nameUrl": "attestation-capability.html",
          "title": "Attestation CapabilityStatement",
          "generation": "markdown"
        },
        {
          "extension": [
            {
              "url": "http://hl7.org/fhir/tools/StructureDefinition/ig-page-name",
              "valueUrl": "attestation-examples.html"
            }
          ],
          "nameUrl": "attestation-examples.html",
          "title": "Attestation Examples",
          "generation": "markdown"
        },
        {
          "extension": [
            {
              "url": "http://hl7.org/fhir/tools/StructureDefinition/ig-page-name",
              "valueUrl": "verification-use-cases.html"
            }
          ],
          "nameUrl": "verification-use-cases.html",
          "title": "Verification Use Cases",
          "generation": "markdown"
        },
        {
          "extension": [
            {
              "url": "http://hl7.org/fhir/tools/StructureDefinition/ig-page-name",
              "valueUrl": "verification-flow-diagrams.html"
            }
          ],
          "nameUrl": "verification-flow-diagrams.html",
          "title": "Verification Flow Diagrams",
          "generation": "markdown"
        },
        {
          "extension": [
            {
              "url": "http://hl7.org/fhir/tools/StructureDefinition/ig-page-name",
              "valueUrl": "verification-ig.html"
            }
          ],
          "nameUrl": "verification-ig.html",
          "title": "Verification Implementation Guide",
          "generation": "markdown"
        },
        {
          "extension": [
            {
              "url": "http://hl7.org/fhir/tools/StructureDefinition/ig-page-name",
              "valueUrl": "verification-artifacts.html"
            }
          ],
          "nameUrl": "verification-artifacts.html",
          "title": "Verification Artifacts",
          "generation": "markdown"
        },
        {
          "extension": [
            {
              "url": "http://hl7.org/fhir/tools/StructureDefinition/ig-page-name",
              "valueUrl": "verification-capability.html"
            }
          ],
          "nameUrl": "verification-capability.html",
          "title": "Verification CapabilityStatement",
          "generation": "markdown"
        },
        {
          "extension": [
            {
              "url": "http://hl7.org/fhir/tools/StructureDefinition/ig-page-name",
              "valueUrl": "verification-examples.html"
            }
          ],
          "nameUrl": "verification-examples.html",
          "title": "Verification Examples",
          "generation": "markdown"
        },
        {
          "extension": [
            {
              "url": "http://hl7.org/fhir/tools/StructureDefinition/ig-page-name",
              "valueUrl": "distributed-query-use-cases.html"
            }
          ],
          "nameUrl": "distributed-query-use-cases.html",
          "title": "Distributed Query Use Cases",
          "generation": "markdown"
        },
        {
          "extension": [
            {
              "url": "http://hl7.org/fhir/tools/StructureDefinition/ig-page-name",
              "valueUrl": "distributed-query-flow-diagrams.html"
            }
          ],
          "nameUrl": "distributed-query-flow-diagrams.html",
          "title": "Distributed Query Flow Diagrams",
          "generation": "markdown"
        },
        {
          "extension": [
            {
              "url": "http://hl7.org/fhir/tools/StructureDefinition/ig-page-name",
              "valueUrl": "distributed-query-ig.html"
            }
          ],
          "nameUrl": "distributed-query-ig.html",
          "title": "Distributed Query Implementation Guide",
          "generation": "markdown"
        },
        {
          "extension": [
            {
              "url": "http://hl7.org/fhir/tools/StructureDefinition/ig-page-name",
              "valueUrl": "distributed-query-artifacts.html"
            }
          ],
          "nameUrl": "distributed-query-artifacts.html",
          "title": "Distributed Query Artifacts",
          "generation": "markdown"
        },
        {
          "extension": [
            {
              "url": "http://hl7.org/fhir/tools/StructureDefinition/ig-page-name",
              "valueUrl": "distributed-query-capability.html"
            }
          ],
          "nameUrl": "distributed-query-capability.html",
          "title": "Distributed Query CapabilityStatement",
          "generation": "markdown"
        },
        {
          "extension": [
            {
              "url": "http://hl7.org/fhir/tools/StructureDefinition/ig-page-name",
              "valueUrl": "distributed-query-examples.html"
            }
          ],
          "nameUrl": "distributed-query-examples.html",
          "title": "Distributed Query Examples",
          "generation": "markdown"
        }
      ]
    },
    "parameter": [
      {
        "code": "path-resource",
        "value": "input/capabilities"
      },
      {
        "code": "path-resource",
        "value": "input/examples"
      },
      {
        "code": "path-resource",
        "value": "input/extensions"
      },
      {
        "code": "path-resource",
        "value": "input/models"
      },
      {
        "code": "path-resource",
        "value": "input/operations"
      },
      {
        "code": "path-resource",
        "value": "input/profiles"
      },
      {
        "code": "path-resource",
        "value": "input/resources"
      },
      {
        "code": "path-resource",
        "value": "input/vocabulary"
      },
      {
        "code": "path-resource",
        "value": "input/maps"
      },
      {
        "code": "path-resource",
        "value": "input/testing"
      },
      {
        "code": "path-resource",
        "value": "input/history"
      },
      {
        "code": "path-resource",
        "value": "fsh-generated/resources"
      },
      {
        "code": "path-pages",
        "value": "template/config"
      },
      {
        "code": "path-pages",
        "value": "input/images"
      },
      {
        "code": "path-tx-cache",
        "value": "input-cache/txcache"
      }
    ]
  }
}