<?xml version="1.0" encoding="UTF-8"?>

<SearchParameter xmlns="http://hl7.org/fhir">
  <id value="sp-careteam-service"/>
  <text>
    <status value="generated"/><div xmlns="http://www.w3.org/1999/xhtml"><p><b>Generated Narrative: SearchParameter</b><a name="sp-careteam-service"> </a></p><div style="display: inline-block; background-color: #d9e0e7; padding: 6px; margin: 4px; border: 1px solid #8da1b4; border-radius: 5px; line-height: 60%"><p style="margin-bottom: 0px">Resource SearchParameter "sp-careteam-service" </p></div><p><b>url</b>: <code>http://hl7.org/fhir/us/ndh/SearchParameter/sp-careteam-service</code></p><p><b>version</b>: 1.0.0</p><p><b>name</b>: CareTeam-service</p><p><b>status</b>: active</p><p><b>date</b>: 2022-10-31 10:12:57-0400</p><p><b>publisher</b>: HL7 International - Patient Administration Work Group</p><p><b>contact</b>: HL7 International - Patient Administration Work Group: <a href="http://hl7.org/Special/committees/pafm">http://hl7.org/Special/committees/pafm</a>,<a href="mailto:pafm@lists.hl7.org">pafm@lists.hl7.org</a></p><p><b>description</b>: Select CareTeams providing the specified service</p><p><b>jurisdiction</b>: United States of America <span style="background: LightGoldenRodYellow; margin: 4px; border: 1px solid khaki"> (<a href="http://terminology.hl7.org/4.0.0/CodeSystem-ISO3166Part1.html">ISO 3166-1 Codes for the representation of names of countries and their subdivisions — Part 1: Country code</a>#US)</span></p><p><b>code</b>: service</p><p><b>base</b>: CareTeam</p><p><b>type</b>: reference</p><p><b>expression</b>: CareTeam.extension('http://hl7.org/fhir/us/ndh/StructureDefinition/healthcareservice-reference')</p><p><b>target</b>: HealthcareService</p><p><b>multipleOr</b>: true</p><p><b>multipleAnd</b>: true</p><p><b>chain</b>: identifier, service-category, organization, location</p></div>
  </text>
  <url value="http://hl7.org/fhir/us/ndh/SearchParameter/sp-careteam-service"/>
  <version value="1.0.0"/>
  <name value="CareTeam-service"/>
  <status value="active"/>
  <date value="2022-10-31T22:12:57-04:00"/>
  <publisher value="HL7 International - Patient Administration Work Group"/>
  <contact>
    <name value="HL7 International - Patient Administration Work Group"/>
    <telecom>
      <system value="url"/>
      <value value="http://hl7.org/Special/committees/pafm"/>
    </telecom>
    <telecom>
      <system value="email"/>
      <value value="pafm@lists.hl7.org"/>
    </telecom>
  </contact>
  <description value="Select CareTeams providing the specified service"/>
  <jurisdiction>
    <coding>
      <system value="urn:iso:std:iso:3166"/>
      <code value="US"/>
      <display value="United States of America"/>
    </coding>
  </jurisdiction>
  <code value="service"/>
  <base value="CareTeam"/>
  <type value="reference"/>
  <expression value="CareTeam.extension('http://hl7.org/fhir/us/ndh/StructureDefinition/healthcareservice-reference')"/>
  <target value="HealthcareService"/>
  <multipleOr value="true"/>
  <multipleAnd value="true"/>
  <chain value="identifier"/>
  <chain value="service-category"/>
  <chain value="organization"/>
  <chain value="location"/>
</SearchParameter>