{"resourceType":"CapabilityStatement","id":"ndh-query-BasicEndpoint","text":{"status":"extensions","div":"<div xmlns=\"http://www.w3.org/1999/xhtml\"><h2>NDH Query Basic Endpoint Capability Statement</h2><div><p>Capabilities for a basic Query Server where endpoint search capabilities are met</p>\n</div><table><tr><td>Mode</td><td>SERVER</td></tr><tr><td>Description</td><td/></tr><tr><td>Transaction</td><td></td></tr><tr><td>System History</td><td></td></tr><tr><td>System Search</td><td></td></tr></table><table><tr><th><b>Resource Type</b></th><th><b>Profile</b></th><th><b title=\"GET a resource (read interaction)\">Read</b></th><th><b title=\"GET all set of resources of the type (search interaction)\">Search</b></th><th><b title=\"PUT a new resource version (update interaction)\">Update</b></th><th><b title=\"POST a new resource (create interaction)\">Create</b></th></tr><tr><td>Endpoint</td><td>Supported profiles:<br/>  <a href=\"https://hl7.org/fhir/ndh/StructureDefinition/ndh-Endpoint\">https://hl7.org/fhir/ndh/StructureDefinition/ndh-Endpoint</a></td><td>y</td><td></td><td></td><td></td></tr><tr><td>HealthcareService</td><td>Supported profiles:<br/>  <a href=\"https://hl7.org/fhir/ndh/StructureDefinition/ndh-HealthcareService\">https://hl7.org/fhir/ndh/StructureDefinition/ndh-HealthcareService</a></td><td>y</td><td>y</td><td></td><td></td></tr></table></div>"},"url":"http://hl7.org/fhir/us/ndh/CapabilityStatement/ndh-query-BasicEndpoint","version":"1.0.0","name":"NDH Query Basic Endpoint Capability Statement","status":"draft","date":"2022-10-31","publisher":"HL7 International - Patient Administration Work Group","contact":[{"name":"HL7 International - Patient Administration Work Group","telecom":[{"system":"url","value":"http://hl7.org/Special/committees/pafm"},{"system":"email","value":"pafm@lists.hl7.org"}]}],"description":"Capabilities for a basic Query Server where endpoint search capabilities are met","jurisdiction":[{"coding":[{"system":"urn:iso:std:iso:3166","code":"US","display":"United States of America"}]}],"kind":"requirements","fhirVersion":"4.0.1","format":["json"],"rest":[{"mode":"server","resource":[{"extension":[{"url":"http://hl7.org/fhir/StructureDefinition/capabilitystatement-expectation","valueCode":"SHALL"}],"type":"Endpoint","supportedProfile":["https://hl7.org/fhir/ndh/StructureDefinition/ndh-Endpoint"],"_supportedProfile":[{"extension":[{"url":"http://hl7.org/fhir/StructureDefinition/capabilitystatement-expectation","valueCode":"SHALL"}]}],"interaction":[{"extension":[{"url":"http://hl7.org/fhir/StructureDefinition/capabilitystatement-expectation","valueCode":"SHALL"}],"code":"read"}]},{"extension":[{"url":"http://hl7.org/fhir/StructureDefinition/capabilitystatement-expectation","valueCode":"SHALL"}],"type":"HealthcareService","supportedProfile":["https://hl7.org/fhir/ndh/StructureDefinition/ndh-HealthcareService"],"_supportedProfile":[{"extension":[{"url":"http://hl7.org/fhir/StructureDefinition/capabilitystatement-expectation","valueCode":"SHALL"}]}],"interaction":[{"extension":[{"url":"http://hl7.org/fhir/StructureDefinition/capabilitystatement-expectation","valueCode":"SHALL"}],"code":"read"},{"extension":[{"url":"http://hl7.org/fhir/StructureDefinition/capabilitystatement-expectation","valueCode":"SHALL"}],"code":"search-type"}]}]}]}