{"resourceType":"CodeSystem","id":"EndpointTypeCS","text":{"status":"generated","div":"<div xmlns=\"http://www.w3.org/1999/xhtml\"><p>This code system <code>http://hl7.org/fhir/us/ndh/CodeSystem/EndpointTypeCS</code> defines the following codes:</p><table class=\"codes\"><tr><td style=\"white-space:nowrap\"><b>Code</b></td><td><b>Display</b></td></tr><tr><td style=\"white-space:nowrap\">FHIR<a name=\"EndpointTypeCS-FHIR\"> </a></td><td>FHIR Server</td></tr><tr><td style=\"white-space:nowrap\">OpEndpoint<a name=\"EndpointTypeCS-OpEndpoint\"> </a></td><td>Operation Endpoint</td></tr><tr><td style=\"white-space:nowrap\">CDS<a name=\"EndpointTypeCS-CDS\"> </a></td><td>CDS Hooks</td></tr></table></div>"},"url":"http://hl7.org/fhir/us/ndh/CodeSystem/EndpointTypeCS","version":"1.0.0","name":"EndpointTypeCS","title":"Endpoint Type Code System","status":"active","experimental":false,"date":"2022-10-31T22:12:57-04:00","publisher":"HL7 International - Patient Administration Work Group","contact":[{"name":"HL7 International - Patient Administration Work Group","telecom":[{"system":"url","value":"http://hl7.org/Special/committees/pafm"},{"system":"email","value":"pafm@lists.hl7.org"}]}],"description":"Endpoint Type","jurisdiction":[{"coding":[{"system":"urn:iso:std:iso:3166","code":"US","display":"United States of America"}]}],"caseSensitive":true,"content":"complete","count":3,"concept":[{"code":"FHIR","display":"FHIR Server"},{"code":"OpEndpoint","display":"Operation Endpoint"},{"code":"CDS","display":"CDS Hooks"}]}