{"resourceType":"CodeSystem","id":"AcceptingPatientsCS","text":{"status":"generated","div":"<div xmlns=\"http://www.w3.org/1999/xhtml\"><p>This code system <code>http://hl7.org/fhir/us/ndh/CodeSystem/AcceptingPatientsCS</code> defines the following codes:</p><table class=\"codes\"><tr><td style=\"white-space:nowrap\"><b>Code</b></td><td><b>Display</b></td><td><b>Definition</b></td></tr><tr><td style=\"white-space:nowrap\">nopt<a name=\"AcceptingPatientsCS-nopt\"> </a></td><td>Not Accepting</td><td>Not accepting patients</td></tr><tr><td style=\"white-space:nowrap\">newpt<a name=\"AcceptingPatientsCS-newpt\"> </a></td><td>Accepting</td><td>Accepting patients</td></tr><tr><td style=\"white-space:nowrap\">existptonly<a name=\"AcceptingPatientsCS-existptonly\"> </a></td><td>Accepting existing patients</td><td>Accepting existing patients</td></tr><tr><td style=\"white-space:nowrap\">existptfam<a name=\"AcceptingPatientsCS-existptfam\"> </a></td><td>Accepting existing patients and their families</td><td>Accepting existing patients and members of their families</td></tr></table></div>"},"url":"http://hl7.org/fhir/us/ndh/CodeSystem/AcceptingPatientsCS","version":"1.0.0","name":"AcceptingPatientsCS","title":"Accepting Patients Codes Code System","status":"active","experimental":false,"date":"2022-10-31T22:12:57-04:00","publisher":"HL7 International - Patient Administration Work Group","contact":[{"name":"HL7 International - Patient Administration Work Group","telecom":[{"system":"url","value":"http://hl7.org/Special/committees/pafm"},{"system":"email","value":"pafm@lists.hl7.org"}]}],"description":"Codes to identify if the practice is accepting new patients","jurisdiction":[{"coding":[{"system":"urn:iso:std:iso:3166","code":"US","display":"United States of America"}]}],"caseSensitive":true,"content":"complete","count":4,"concept":[{"code":"nopt","display":"Not Accepting","definition":"Not accepting patients"},{"code":"newpt","display":"Accepting","definition":"Accepting patients"},{"code":"existptonly","display":"Accepting existing patients","definition":"Accepting existing patients"},{"code":"existptfam","display":"Accepting existing patients and their families","definition":"Accepting existing patients and members of their families"}]}