{"resourceType":"CodeSystem","id":"EndpointConnectionTypeCS","text":{"status":"generated","div":"<div xmlns=\"http://www.w3.org/1999/xhtml\"><p>This code system <code>http://hl7.org/fhir/us/ndh/CodeSystem/EndpointConnectionTypeCS</code> defines the following codes:</p><table class=\"codes\"><tr><td style=\"white-space:nowrap\"><b>Code</b></td><td><b>Display</b></td><td><b>Definition</b></td></tr><tr><td style=\"white-space:nowrap\">hl7-fhir-opn<a name=\"EndpointConnectionTypeCS-hl7-fhir-opn\"> </a></td><td>HL7 FHIR Operation</td><td>Interact with a FHIR server interface using FHIR's RESTful interface using an operation other than messaging. For details on its version/capabilities you should connect the value in Endpoint.address and retrieve the FHIR CapabilityStatement.</td></tr><tr><td style=\"white-space:nowrap\">rest-non-fhir<a name=\"EndpointConnectionTypeCS-rest-non-fhir\"> </a></td><td>REST (not FHIR)</td><td>Interact with a server using HTTP/REST but not FHIR.  Should be used for web portals.</td></tr></table></div>"},"url":"http://hl7.org/fhir/us/ndh/CodeSystem/EndpointConnectionTypeCS","version":"1.0.0","name":"EndpointConnectionTypeCS","title":"Endpoint Connection Types (additional) Code System","status":"active","experimental":false,"date":"2022-11-04T11:24:16-04:00","publisher":"HL7 International - Patient Administration Work Group","contact":[{"name":"HL7 International - Patient Administration Work Group","telecom":[{"system":"url","value":"http://hl7.org/Special/committees/pafm"},{"system":"email","value":"pafm@lists.hl7.org"}]}],"description":"Extension codes for http://terminology.hl7.org/CodeSystem/endpoint-connection-type","jurisdiction":[{"coding":[{"system":"urn:iso:std:iso:3166","code":"US","display":"United States of America"}]}],"caseSensitive":true,"content":"complete","count":2,"concept":[{"code":"hl7-fhir-opn","display":"HL7 FHIR Operation","definition":"Interact with a FHIR server interface using FHIR's RESTful interface using an operation other than messaging. For details on its version/capabilities you should connect the value in Endpoint.address and retrieve the FHIR CapabilityStatement."},{"code":"rest-non-fhir","display":"REST (not FHIR)","definition":"Interact with a server using HTTP/REST but not FHIR.  Should be used for web portals."}]}