{"resourceType":"CodeSystem","id":"IgTypeCS","text":{"status":"generated","div":"<div xmlns=\"http://www.w3.org/1999/xhtml\"><p>This code system <code>http://hl7.org/fhir/us/ndh/CodeSystem/IgTypeCS</code> defines the following codes:</p><table class=\"codes\"><tr><td style=\"white-space:nowrap\"><b>Code</b></td><td><b>Display</b></td></tr><tr><td style=\"white-space:nowrap\">FHIR<a name=\"IgTypeCS-FHIR\"> </a></td><td>FHIR</td></tr><tr><td style=\"white-space:nowrap\">direct<a name=\"IgTypeCS-direct\"> </a></td><td>Direct</td></tr></table></div>"},"url":"http://hl7.org/fhir/us/ndh/CodeSystem/IgTypeCS","version":"1.0.0","name":"IgTypeCS","title":"IG Type Code System","status":"active","experimental":false,"date":"2022-10-20T20:37:10-04:00","publisher":"HL7 International - Patient Administration Work Group","contact":[{"name":"HL7 International - Patient Administration Work Group","telecom":[{"system":"url","value":"http://hl7.org/Special/committees/pafm"},{"system":"email","value":"pafm@lists.hl7.org"}]}],"description":"IG Type","jurisdiction":[{"coding":[{"system":"urn:iso:std:iso:3166","code":"US","display":"United States of America"}]}],"caseSensitive":true,"content":"complete","count":2,"concept":[{"code":"FHIR","display":"FHIR"},{"code":"direct","display":"Direct"}]}