{"resourceType":"CodeSystem","id":"AccessibilityCS","text":{"status":"generated","div":"<div xmlns=\"http://www.w3.org/1999/xhtml\"><p>This code system <code>http://hl7.org/fhir/us/ndh/CodeSystem/AccessibilityCS</code> defines the following codes:</p><table class=\"codes\"><tr><td style=\"white-space:nowrap\"><b>Code</b></td><td><b>Display</b></td><td><b>Definition</b></td></tr><tr><td style=\"white-space:nowrap\">cultcomp<a name=\"AccessibilityCS-cultcomp\"> </a></td><td>Cultural competence</td><td>Provides services that meet the social, cultural, and linguistic needs of persons.</td></tr><tr><td style=\"white-space:nowrap\">handiaccess<a name=\"AccessibilityCS-handiaccess\"> </a></td><td>handicap accessible</td><td>Provides access to persons with disabilities.</td></tr><tr><td style=\"white-space:nowrap\">adacomp<a name=\"AccessibilityCS-adacomp\"> </a></td><td>ADA compliant</td><td>Provides access which complies with the Americans with Disabilities Act and/or amendments.</td></tr><tr><td style=\"white-space:nowrap\">pubtrans<a name=\"AccessibilityCS-pubtrans\"> </a></td><td>public transit options</td><td>Provides access using public transportation modes.</td></tr><tr><td style=\"white-space:nowrap\">anssrvc<a name=\"AccessibilityCS-anssrvc\"> </a></td><td>answering service</td><td>Provides capability to communicate when intended recipient is not immediately available.</td></tr><tr><td style=\"white-space:nowrap\">cognitive<a name=\"AccessibilityCS-cognitive\"> </a></td><td>cognitive</td><td>Provides services for cognitively impaired persons.</td></tr><tr><td style=\"white-space:nowrap\">mobility<a name=\"AccessibilityCS-mobility\"> </a></td><td>mobility</td><td>Provides services for mobility impaired persons.</td></tr></table></div>"},"url":"http://hl7.org/fhir/us/ndh/CodeSystem/AccessibilityCS","version":"1.0.0","name":"AccessibilityCS","title":"Accessibility Code System","status":"active","experimental":false,"date":"2022-11-04T11:24:16-04:00","publisher":"HL7 International - Patient Administration Work Group","contact":[{"name":"HL7 International - Patient Administration Work Group","telecom":[{"system":"url","value":"http://hl7.org/Special/committees/pafm"},{"system":"email","value":"pafm@lists.hl7.org"}]}],"description":"General categories of accommodations available.","jurisdiction":[{"coding":[{"system":"urn:iso:std:iso:3166","code":"US","display":"United States of America"}]}],"caseSensitive":true,"content":"complete","count":7,"concept":[{"code":"cultcomp","display":"Cultural competence","definition":"Provides services that meet the social, cultural, and linguistic needs of persons."},{"code":"handiaccess","display":"handicap accessible","definition":"Provides access to persons with disabilities."},{"code":"adacomp","display":"ADA compliant","definition":"Provides access which complies with the Americans with Disabilities Act and/or amendments."},{"code":"pubtrans","display":"public transit options","definition":"Provides access using public transportation modes."},{"code":"anssrvc","display":"answering service","definition":"Provides capability to communicate when intended recipient is not immediately available."},{"code":"cognitive","display":"cognitive","definition":"Provides services for cognitively impaired persons."},{"code":"mobility","display":"mobility","definition":"Provides services for mobility impaired persons."}]}