{"resourceType":"CodeSystem","id":"TrustFrameworkTypeCS","text":{"status":"generated","div":"<div xmlns=\"http://www.w3.org/1999/xhtml\"><p>This code system <code>http://hl7.org/fhir/us/ndh/CodeSystem/TrustFrameworkTypeCS</code> defines the following codes:</p><table class=\"codes\"><tr><td style=\"white-space:nowrap\"><b>Code</b></td><td><b>Display</b></td></tr><tr><td style=\"white-space:nowrap\">DirectTrust<a name=\"TrustFrameworkTypeCS-DirectTrust\"> </a></td><td>Direct Trust</td></tr><tr><td style=\"white-space:nowrap\">CareQuality<a name=\"TrustFrameworkTypeCS-CareQuality\"> </a></td><td>Carequality</td></tr><tr><td style=\"white-space:nowrap\">Commonwell<a name=\"TrustFrameworkTypeCS-Commonwell\"> </a></td><td>Commonwell</td></tr><tr><td style=\"white-space:nowrap\">TEFCA<a name=\"TrustFrameworkTypeCS-TEFCA\"> </a></td><td>TEFCA</td></tr><tr><td style=\"white-space:nowrap\">PayerToPayer<a name=\"TrustFrameworkTypeCS-PayerToPayer\"> </a></td><td>Payer to Payer Trust Network</td></tr><tr><td style=\"white-space:nowrap\">Exchange<a name=\"TrustFrameworkTypeCS-Exchange\"> </a></td><td>Exchange Required by Federal Regulations</td></tr><tr><td style=\"white-space:nowrap\">PCDH<a name=\"TrustFrameworkTypeCS-PCDH\"> </a></td><td>Patient Centered Data Home</td></tr></table></div>"},"url":"http://hl7.org/fhir/us/ndh/CodeSystem/TrustFrameworkTypeCS","version":"1.0.0","name":"TrustFrameworkTypeCS","title":"Trust FrameworkType Code System","status":"active","experimental":false,"date":"2022-10-31T22:12:57-04:00","publisher":"HL7 International - Patient Administration Work Group","contact":[{"name":"HL7 International - Patient Administration Work Group","telecom":[{"system":"url","value":"http://hl7.org/Special/committees/pafm"},{"system":"email","value":"pafm@lists.hl7.org"}]}],"description":"Trust Framework Type","jurisdiction":[{"coding":[{"system":"urn:iso:std:iso:3166","code":"US","display":"United States of America"}]}],"caseSensitive":true,"content":"complete","count":7,"concept":[{"code":"DirectTrust","display":"Direct Trust"},{"code":"CareQuality","display":"Carequality"},{"code":"Commonwell","display":"Commonwell"},{"code":"TEFCA","display":"TEFCA"},{"code":"PayerToPayer","display":"Payer to Payer Trust Network"},{"code":"Exchange","display":"Exchange Required by Federal Regulations"},{"code":"PCDH","display":"Patient Centered Data Home"}]}