{"resourceType":"SearchParameter","id":"sp-practitioner-qualification-issuer","url":"http://hl7.org/fhir/us/ndh/SearchParameter/sp-practitioner-qualification-issuer","version":"1.0.0","name":"Practitioner-qualification-issuer","status":"active","date":"2022-10-31T22:12:57-04:00","publisher":"HL7 International - Patient Administration Work Group","contact":[{"name":"HL7 International - Patient Administration Work Group","telecom":[{"system":"url","value":"http://hl7.org/Special/committees/pafm"},{"system":"email","value":"pafm@lists.hl7.org"}]}],"description":"Select Practitioners with a qualification issued by the specified organition","jurisdiction":[{"coding":[{"system":"urn:iso:std:iso:3166","code":"US","display":"United States of America"}]}],"code":"qualification-issuer","base":["Practitioner"],"type":"reference","expression":"Practitioner.qualification.issuer","target":["Organization"],"multipleOr":true,"multipleAnd":true,"modifier":["below"],"chain":["identifier","name"]}