{"resourceType":"SearchParameter","id":"sp-endpoint-usecase-type","url":"http://hl7.org/fhir/us/ndh/SearchParameter/sp-endpoint-usecase-type","version":"1.0.0","name":"Endpoint-usecase-type","status":"active","date":"2022-10-31T22:12:57-04:00","publisher":"HL7 International - Patient Administration Work Group","contact":[{"name":"HL7 International - Patient Administration Work Group","telecom":[{"system":"url","value":"http://hl7.org/Special/committees/pafm"},{"system":"email","value":"pafm@lists.hl7.org"}]}],"description":"Select Endpoints that support the type of services indicated by the specified usecase-type","jurisdiction":[{"coding":[{"system":"urn:iso:std:iso:3166","code":"US","display":"United States of America"}]}],"code":"usecase-type","base":["Endpoint"],"type":"token","expression":"Endpoint.extension('http://hl7.org/fhir/us/ndh/StructureDefinition/base-ext-endpoint-usecase').extention('type')","multipleOr":true,"multipleAnd":true,"modifier":["text"]}