{"resourceType":"SearchParameter","id":"sp-endpoint-usecase-standard","url":"http://hl7.org/fhir/us/ndh/SearchParameter/sp-endpoint-usecase-standard","version":"1.0.0","name":"Endpoint-usecase-standard","status":"active","date":"2022-10-31T22:12:57-04:00","publisher":"HL7 International - Patient Administration Work Group","contact":[{"name":"HL7 International - Patient Administration Work Group","telecom":[{"system":"url","value":"http://hl7.org/Special/committees/pafm"},{"system":"email","value":"pafm@lists.hl7.org"}]}],"description":"Select Endpoints that support the specified usecase standard","jurisdiction":[{"coding":[{"system":"urn:iso:std:iso:3166","code":"US","display":"United States of America"}]}],"code":"usecase-standard","base":["Endpoint"],"type":"uri","expression":"Endpoint.extension('http://hl7.org/fhir/us/ndh/StructureDefinition/base-ext-endpoint-usecase').extention('standard')","multipleOr":true,"multipleAnd":true,"modifier":["below"]}