{"resourceType":"SearchParameter","id":"sp-endpoint-mime-type","url":"http://hl7.org/fhir/us/ndh/SearchParameter/sp-endpoint-mime-type","version":"1.0.0","name":"Endpoint-mine-type","status":"active","date":"2022-10-31T22:12:57-04:00","publisher":"HL7 International - Patient Administration Work Group","contact":[{"name":"HL7 International - Patient Administration Work Group","telecom":[{"system":"url","value":"http://hl7.org/Special/committees/pafm"},{"system":"email","value":"pafm@lists.hl7.org"}]}],"description":"Select Endpoints that support the specified mime-type","jurisdiction":[{"coding":[{"system":"urn:iso:std:iso:3166","code":"US","display":"United States of America"}]}],"code":"mime-type","base":["Endpoint"],"type":"token","expression":"Endpoint.payloadMimeType","multipleOr":true,"multipleAnd":true}