{"resourceType":"SearchParameter","id":"sp-insuranceplan-coverage-network","url":"http://hl7.org/fhir/us/ndh/SearchParameter/sp-insuranceplan-coverage-network","version":"1.0.0","name":"Insuranceplan-coverage-network","status":"active","date":"2022-11-04T11:24:16-04:00","publisher":"HL7 International - Patient Administration Work Group","contact":[{"name":"HL7 International - Patient Administration Work Group","telecom":[{"system":"url","value":"http://hl7.org/Special/committees/pafm"},{"system":"email","value":"pafm@lists.hl7.org"}]}],"description":"Select products offering covered benefits through the specified health insurance provider network","jurisdiction":[{"coding":[{"system":"urn:iso:std:iso:3166","code":"US","display":"United States of America"}]}],"code":"insuranceplan-coverage-network","base":["InsurancePlan"],"type":"reference","expression":"InsurancePlan.coverage.network","target":["Organization"],"multipleOr":true,"multipleAnd":true,"chain":["organization-identifier","organization-name","organization-partof"]}