{"resourceType":"SearchParameter","id":"sp-careteam-name","url":"http://hl7.org/fhir/us/ndh/SearchParameter/sp-careteam-name","version":"1.0.0","name":"CareTeam-service","status":"active","date":"2022-10-31T22:12:57-04:00","publisher":"HL7 International - Patient Administration Work Group","contact":[{"name":"HL7 International - Patient Administration Work Group","telecom":[{"system":"url","value":"http://hl7.org/Special/committees/pafm"},{"system":"email","value":"pafm@lists.hl7.org"}]}],"description":"Select CareTeams with the specified name","jurisdiction":[{"coding":[{"system":"urn:iso:std:iso:3166","code":"US","display":"United States of America"}]}],"code":"name","base":["CareTeam"],"type":"string","expression":"CareTeam.name|CareTeam.extension('http://hl7.org/fhir/us/ndh/StructureDefinition/careteam-alias')","multipleOr":true,"multipleAnd":true,"modifier":["exact","contains"]}