{"resourceType":"SearchParameter","id":"sp-network-coverage-area","url":"http://hl7.org/fhir/us/ndh/SearchParameter/sp-network-coverage-area","version":"1.0.0","name":"Network-coverage-area","status":"active","date":"2022-10-31T22:12:57-04:00","publisher":"HL7 International - Patient Administration Work Group","contact":[{"name":"HL7 International - Patient Administration Work Group","telecom":[{"system":"url","value":"http://hl7.org/Special/committees/pafm"},{"system":"email","value":"pafm@lists.hl7.org"}]}],"description":"Select health insurance provider networks available in a regin described by the specified location","jurisdiction":[{"coding":[{"system":"urn:iso:std:iso:3166","code":"US","display":"United States of America"}]}],"code":"service","base":["Organization"],"type":"reference","expression":"Organization.extension('http://hl7.org/fhir/us/ndh/StructureDefinition/location-reference')","target":["Location"],"multipleOr":true,"multipleAnd":true,"chain":["location-identifier","location-contains"]}