{"resourceType":"SearchParameter","id":"sp-practitioner-qualification-code","url":"http://hl7.org/fhir/us/ndh/SearchParameter/sp-practitioner-qualification-code","version":"1.0.0","name":"Practitioner-qualification-code","status":"active","date":"2022-11-04T11:24:16-04:00","publisher":"HL7 International - Patient Administration Work Group","contact":[{"name":"HL7 International - Patient Administration Work Group","telecom":[{"system":"url","value":"http://hl7.org/Special/committees/pafm"},{"system":"email","value":"pafm@lists.hl7.org"}]}],"description":"Select Practitioner with a type of qualification matching the specific code","jurisdiction":[{"coding":[{"system":"urn:iso:std:iso:3166","code":"US","display":"United States of America"}]}],"code":"qualification-code","base":["Practitioner"],"type":"token","expression":"Practitioner.qualification.code","multipleOr":true,"multipleAnd":true,"modifier":["text"]}