{"resourceType":"SearchParameter","id":"sp-organization-endpoint","url":"http://hl7.org/fhir/us/ndh/SearchParameter/sp-organization-endpoint","version":"1.0.0","name":"Organization-endpoint","status":"active","date":"2022-10-31T22:12:57-04:00","publisher":"HL7 International - Patient Administration Work Group","contact":[{"name":"HL7 International - Patient Administration Work Group","telecom":[{"system":"url","value":"http://hl7.org/Special/committees/pafm"},{"system":"email","value":"pafm@lists.hl7.org"}]}],"description":"Select Organizations with the specified endpoint","jurisdiction":[{"coding":[{"system":"urn:iso:std:iso:3166","code":"US","display":"United States of America"}]}],"code":"endpoint","base":["Organization"],"type":"reference","expression":"Organization.endpoint","target":["Endpoint"],"multipleOr":true,"multipleAnd":true,"chain":["identifier","connection-type","organization"]}