{"resourceType":"SearchParameter","id":"sp-insuranceplan-coverage-benefit-type","url":"http://hl7.org/fhir/us/ndh/SearchParameter/sp-insuranceplan-coverage-benefit-type","version":"1.0.0","name":"Insuranceplan-coverage-benefit-type","status":"active","date":"2022-10-31T22:12:57-04:00","publisher":"HL7 International - Patient Administration Work Group","contact":[{"name":"HL7 International - Patient Administration Work Group","telecom":[{"system":"url","value":"http://hl7.org/Special/committees/pafm"},{"system":"email","value":"pafm@lists.hl7.org"}]}],"description":"Select products that are offered in the specified location","jurisdiction":[{"coding":[{"system":"urn:iso:std:iso:3166","code":"US","display":"United States of America"}]}],"code":"insuranceplan-coverage-benefit-type","base":["InsurancePlan"],"type":"token","expression":"InsurancePlan.coverage.benefit.type","multipleOr":true,"multipleAnd":true,"modifier":["text"]}