{"resourceType":"SearchParameter","id":"sp-careteam-location","url":"http://hl7.org/fhir/us/ndh/SearchParameter/sp-careteam-location","version":"1.0.0","name":"CareTeam-location","status":"active","date":"2022-10-31T22:12:57-04:00","publisher":"HL7 International - Patient Administration Work Group","contact":[{"name":"HL7 International - Patient Administration Work Group","telecom":[{"system":"url","value":"http://hl7.org/Special/committees/pafm"},{"system":"email","value":"pafm@lists.hl7.org"}]}],"description":"Select CareTeams operating at the specified location","jurisdiction":[{"coding":[{"system":"urn:iso:std:iso:3166","code":"US","display":"United States of America"}]}],"code":"location","base":["CareTeam"],"type":"reference","expression":"CareTeam.extension('http://hl7.org/fhir/us/ndh/StructureDefinition/locaion-reference')","target":["Location"],"multipleOr":true,"multipleAnd":true,"modifier":["above","below"],"chain":["identifier","address","organization","type"]}