{"resourceType":"SearchParameter","id":"sp-careteam-endpoint","url":"http://hl7.org/fhir/us/ndh/SearchParameter/sp-careteam-endpoint","version":"1.0.0","name":"CareTeam-endpoint","status":"active","date":"2022-10-31T22:12:57-04:00","publisher":"HL7 International - Patient Administration Work Group","contact":[{"name":"HL7 International - Patient Administration Work Group","telecom":[{"system":"url","value":"http://hl7.org/Special/committees/pafm"},{"system":"email","value":"pafm@lists.hl7.org"}]}],"description":"Select CareTeams with the specified endpoint","jurisdiction":[{"coding":[{"system":"urn:iso:std:iso:3166","code":"US","display":"United States of America"}]}],"code":"endpoint","base":["CareTeam"],"type":"reference","expression":"CareTeam.extension('http://hl7.org/fhir/us/ndh/StructureDefinition/endpoint-reference')","target":["Endpoint"],"multipleOr":true,"multipleAnd":true,"chain":["identifier","connection-type","organization"]}