{"resourceType":"SearchParameter","id":"sp-careteam-organization","url":"http://hl7.org/fhir/us/ndh/SearchParameter/sp-careteam-organization","version":"1.0.0","name":"CareTeam-organization","status":"active","date":"2022-11-04T11:24:16-04:00","publisher":"HL7 International - Patient Administration Work Group","contact":[{"name":"HL7 International - Patient Administration Work Group","telecom":[{"system":"url","value":"http://hl7.org/Special/committees/pafm"},{"system":"email","value":"pafm@lists.hl7.org"}]}],"description":"Select CareTeams managed by the specified organization","jurisdiction":[{"coding":[{"system":"urn:iso:std:iso:3166","code":"US","display":"United States of America"}]}],"code":"organization","base":["CareTeam"],"type":"reference","expression":"CareTeam.managingOrganization","target":["Organization"],"multipleOr":true,"multipleAnd":true,"modifier":["above","below"],"chain":["identifier","name","address","partof","type"]}