{"resourceType":"SearchParameter","id":"sp-practitionerrole-network","url":"http://hl7.org/fhir/us/ndh/SearchParameter/sp-practitionerrole-network","version":"1.0.0","name":"PractitionerRole-network","status":"active","date":"2022-10-31T22:12:57-04:00","publisher":"HL7 International - Patient Administration Work Group","contact":[{"name":"HL7 International - Patient Administration Work Group","telecom":[{"system":"url","value":"http://hl7.org/Special/committees/pafm"},{"system":"email","value":"pafm@lists.hl7.org"}]}],"description":"Select roles where the practitioner is a member of the specified health insurance provider network","jurisdiction":[{"coding":[{"system":"urn:iso:std:iso:3166","code":"US","display":"United States of America"}]}],"code":"network","base":["PractitionerRole"],"type":"reference","expression":"PractitionerRole.extension('http://hl7.org/fhir/us/ndh/StructureDefinition/network-reference')","target":["Organization"],"multipleOr":true,"multipleAnd":true,"chain":["identifier","name","partof"]}