{"resourceType":"SearchParameter","id":"sp-locaion-physical-type","url":"http://hl7.org/fhir/us/ndh/SearchParameter/sp-locaion-physical-type","version":"1.0.0","name":"Location-physical-type","status":"active","date":"2022-11-04T11:24:16-04:00","publisher":"HL7 International - Patient Administration Work Group","contact":[{"name":"HL7 International - Patient Administration Work Group","telecom":[{"system":"url","value":"http://hl7.org/Special/committees/pafm"},{"system":"email","value":"pafm@lists.hl7.org"}]}],"description":"Select Locations of the specified physical type","jurisdiction":[{"coding":[{"system":"urn:iso:std:iso:3166","code":"US","display":"United States of America"}]}],"code":"physical-type","base":["Location"],"type":"token","expression":"Location.physicalType","multipleOr":true,"multipleAnd":true,"modifier":["text"]}