{"resourceType":"SearchParameter","id":"sp-careteam-service","url":"http://hl7.org/fhir/us/ndh/SearchParameter/sp-careteam-service","version":"1.0.0","name":"CareTeam-service","status":"active","date":"2022-11-04T11:24:16-04:00","publisher":"HL7 International - Patient Administration Work Group","contact":[{"name":"HL7 International - Patient Administration Work Group","telecom":[{"system":"url","value":"http://hl7.org/Special/committees/pafm"},{"system":"email","value":"pafm@lists.hl7.org"}]}],"description":"Select CareTeams providing the specified service","jurisdiction":[{"coding":[{"system":"urn:iso:std:iso:3166","code":"US","display":"United States of America"}]}],"code":"service","base":["CareTeam"],"type":"reference","expression":"CareTeam.extension('http://hl7.org/fhir/us/ndh/StructureDefinition/healthcareservice-reference')","target":["HealthcareService"],"multipleOr":true,"multipleAnd":true,"chain":["identifier","service-category","organization","location"]}