{"resourceType":"SearchParameter","id":"sp-verificationresult-primarysource-who","url":"http://hl7.org/fhir/us/ndh/SearchParameter/sp-verificationresult-primarysource-who","version":"1.0.0","name":"VerificationResult-primarysource-who","status":"active","date":"2022-10-31T22:12:57-04:00","publisher":"HL7 International - Patient Administration Work Group","contact":[{"name":"HL7 International - Patient Administration Work Group","telecom":[{"system":"url","value":"http://hl7.org/Special/committees/pafm"},{"system":"email","value":"pafm@lists.hl7.org"}]}],"description":"Select verification information for data that was verified against the specified primary source","jurisdiction":[{"coding":[{"system":"urn:iso:std:iso:3166","code":"US","display":"United States of America"}]}],"code":"verificationresult-primarysource-who","base":["VerificationResult"],"type":"reference","expression":"VerificationResult.primarysource.who","target":["Practitioner","PractitionerRole","Organization"],"multipleOr":true,"multipleAnd":true,"modifier":["type"],"chain":["organization-identifier","organization-address","organization-name","organization-partof","practitioner-name","practitioner-identifier","practitionerrole-identifier","practitionerrole-practitioner","practitionerrole-organization"]}