{"resourceType":"SearchParameter","id":"sp-practitioner-identifier-assigner","url":"http://hl7.org/fhir/us/ndh/SearchParameter/sp-practitioner-identifier-assigner","version":"1.0.0","name":"Practitioner-identifier-assigner","status":"active","date":"2022-10-31T22:12:57-04:00","publisher":"HL7 International - Patient Administration Work Group","contact":[{"name":"HL7 International - Patient Administration Work Group","telecom":[{"system":"url","value":"http://hl7.org/Special/committees/pafm"},{"system":"email","value":"pafm@lists.hl7.org"}]}],"description":"Select Practitioners with an identifier issued by the specified organition","jurisdiction":[{"coding":[{"system":"urn:iso:std:iso:3166","code":"US","display":"United States of America"}]}],"code":"identifier-assigner","base":["Practitioner"],"type":"reference","expression":"Practitioner.identifier.assigner","target":["Organization"],"multipleOr":true,"multipleAnd":true}