{"resourceType":"ValueSet","id":"NonIndividualSpecialtyAndDegreeLicenseCertificateVS","text":{"status":"generated","div":"<div xmlns=\"http://www.w3.org/1999/xhtml\"><p>This value set includes codes based on the following rules:</p><ul><li>Import all the codes that are contained in <a href=\"ValueSet-NonIndividualSpecialtiesVS.html\">http://hl7.org/fhir/us/ndh/ValueSet/NonIndividualSpecialtiesVS</a></li><li>Include all codes defined in <a href=\"http://terminology.hl7.org/3.1.0/CodeSystem-v2-0360.html\"><code>http://terminology.hl7.org/CodeSystem/v2-0360</code></a></li></ul></div>"},"url":"http://hl7.org/fhir/us/ndh/ValueSet/NonIndividualSpecialtyAndDegreeLicenseCertificateVS","version":"1.0.0","name":"NonIndividualSpecialtyAndDegreeLicenseCertificateVS","title":"Non-Individual Specialties, Degrees, Licenses, and Certificates Value Set","status":"active","experimental":false,"date":"2022-10-20T20:37:10-04:00","publisher":"HL7 International - Patient Administration Work Group","contact":[{"name":"HL7 International - Patient Administration Work Group","telecom":[{"system":"url","value":"http://hl7.org/Special/committees/pafm"},{"system":"email","value":"pafm@lists.hl7.org"}]}],"description":"Non-Individual Specialties, Degrees, Licenses, and Certificates","jurisdiction":[{"coding":[{"system":"urn:iso:std:iso:3166","code":"US","display":"United States of America"}]}],"compose":{"include":[{"valueSet":["http://hl7.org/fhir/us/ndh/ValueSet/NonIndividualSpecialtiesVS"]},{"system":"http://terminology.hl7.org/CodeSystem/v2-0360"}]}}