{"resourceType":"ValueSet","id":"OrgTypeVS","text":{"status":"extensions","div":"<div xmlns=\"http://www.w3.org/1999/xhtml\"><p>This value set includes codes based on the following rules:</p><ul><li>Include all codes defined in <a href=\"CodeSystem-OrgTypeCS.html\"><code>http://hl7.org/fhir/us/ndh/CodeSystem/OrgTypeCS</code></a></li></ul><p>This value set excludes codes based on the following rules:</p><ul><li>Exclude these codes as defined in <a href=\"CodeSystem-OrgTypeCS.html\"><code>http://hl7.org/fhir/us/ndh/CodeSystem/OrgTypeCS</code></a><table class=\"none\"><tr><td style=\"white-space:nowrap\"><b>Code</b></td><td><b>Display</b></td><td><b>Definition</b></td></tr><tr><td><a href=\"CodeSystem-OrgTypeCS.html#OrgTypeCS-ntwk\">ntwk</a></td><td>Network</td><td>A healthcare provider insurance network</td></tr></table></li></ul></div>"},"url":"http://hl7.org/fhir/us/ndh/ValueSet/OrgTypeVS","version":"1.0.0","name":"OrgTypeVS","title":"Organization Type Value Set","status":"active","experimental":false,"date":"2022-10-20T20:37:10-04:00","publisher":"HL7 International - Patient Administration Work Group","contact":[{"name":"HL7 International - Patient Administration Work Group","telecom":[{"system":"url","value":"http://hl7.org/Special/committees/pafm"},{"system":"email","value":"pafm@lists.hl7.org"}]}],"description":"Categories of organizations based on criteria in provider directories.","jurisdiction":[{"coding":[{"system":"urn:iso:std:iso:3166","code":"US","display":"United States of America"}]}],"compose":{"include":[{"system":"http://hl7.org/fhir/us/ndh/CodeSystem/OrgTypeCS"}],"exclude":[{"system":"http://hl7.org/fhir/us/ndh/CodeSystem/OrgTypeCS","concept":[{"code":"ntwk"}]}]}}