{"resourceType":"ValueSet","id":"SpecialtiesVS","text":{"status":"generated","div":"<div xmlns=\"http://www.w3.org/1999/xhtml\"><p>This value set includes codes based on the following rules:</p><ul><li>Import all the codes that are contained in <a href=\"ValueSet-IndividualAndGroupSpecialtiesVS.html\">http://hl7.org/fhir/us/ndh/ValueSet/IndividualAndGroupSpecialtiesVS</a></li><li>Import all the codes that are contained in <a href=\"ValueSet-NonIndividualSpecialtiesVS.html\">http://hl7.org/fhir/us/ndh/ValueSet/NonIndividualSpecialtiesVS</a></li></ul></div>"},"url":"http://hl7.org/fhir/us/ndh/ValueSet/SpecialtiesVS","version":"1.0.0","name":"SpecialtiesVS","title":"Specialties Value Set","status":"active","experimental":false,"date":"2022-10-31T22:12:57-04:00","publisher":"HL7 International - Patient Administration Work Group","contact":[{"name":"HL7 International - Patient Administration Work Group","telecom":[{"system":"url","value":"http://hl7.org/Special/committees/pafm"},{"system":"email","value":"pafm@lists.hl7.org"}]}],"description":"Specialties value set based on National Uniform Claim Committee (NUCC) Health Care Provider Taxonomy code set","jurisdiction":[{"coding":[{"system":"urn:iso:std:iso:3166","code":"US","display":"United States of America"}]}],"compose":{"include":[{"valueSet":["http://hl7.org/fhir/us/ndh/ValueSet/IndividualAndGroupSpecialtiesVS"]},{"valueSet":["http://hl7.org/fhir/us/ndh/ValueSet/NonIndividualSpecialtiesVS"]}]}}