{"resourceType":"ValueSet","id":"OrgAliasTypeVS","text":{"status":"generated","div":"<div xmlns=\"http://www.w3.org/1999/xhtml\"><ul><li>Include all codes defined in <a href=\"CodeSystem-OrgAliasTypeCS.html\"><code>http://hl7.org/fhir/us/ndh/CodeSystem/OrgAliasTypeCS</code></a></li></ul></div>"},"url":"http://hl7.org/fhir/us/ndh/ValueSet/OrgAliasTypeVS","version":"1.0.0","name":"OrgAliasTypeVS","title":"Organization Alias Typ Value Sete","status":"active","experimental":false,"date":"2022-10-20T20:37:10-04:00","publisher":"HL7 International - Patient Administration Work Group","contact":[{"name":"HL7 International - Patient Administration Work Group","telecom":[{"system":"url","value":"http://hl7.org/Special/committees/pafm"},{"system":"email","value":"pafm@lists.hl7.org"}]}],"description":"Categories of an organization's Alias based on criteria in provider directories.","jurisdiction":[{"coding":[{"system":"urn:iso:std:iso:3166","code":"US","display":"United States of America"}]}],"compose":{"include":[{"system":"http://hl7.org/fhir/us/ndh/CodeSystem/OrgAliasTypeCS"}]}}