{"resourceType":"ValueSet","id":"NonIndividualSpecialtiesVS","text":{"status":"generated","div":"<div xmlns=\"http://www.w3.org/1999/xhtml\"><ul><li>Include these codes as defined in <code>http://nucc.org/provider-taxonomy</code><table class=\"none\"><tr><td style=\"white-space:nowrap\"><b>Code</b></td><td><b>Display</b></td></tr><tr><td>251300000X</td><td>Local Education Agency (LEA)</td></tr><tr><td>251B00000X</td><td>Case Management Agency</td></tr><tr><td>251C00000X</td><td>Developmentally Disabled Services Day Training Agency</td></tr><tr><td>251E00000X</td><td>Home Health Agency</td></tr><tr><td>251F00000X</td><td>Home Infusion Agency</td></tr><tr><td>251G00000X</td><td>Community Based Hospice Care Agency</td></tr><tr><td>251J00000X</td><td>Nursing Care Agency</td></tr><tr><td>251K00000X</td><td>Public Health or Welfare Agency</td></tr><tr><td>251S00000X</td><td>Community/Behavioral Health Agency</td></tr><tr><td>251T00000X</td><td>PACE Provider Organization</td></tr><tr><td>251V00000X</td><td>Voluntary or Charitable Agency</td></tr><tr><td>251X00000X</td><td>Supports Brokerage Agency</td></tr><tr><td>252Y00000X</td><td>Early Intervention Provider Agency</td></tr><tr><td>253J00000X</td><td>Foster Care Agency</td></tr><tr><td>253Z00000X</td><td>In Home Supportive Care Agency</td></tr><tr><td>261Q00000X</td><td>Clinic/Center</td></tr><tr><td>261QA0005X</td><td>Ambulatory Family Planning Facility</td></tr><tr><td>261QA0006X</td><td>Ambulatory Fertility Facility</td></tr><tr><td>261QA0600X</td><td>Adult Day Care Clinic/Center</td></tr><tr><td>261QA0900X</td><td>Amputee Clinic/Center</td></tr><tr><td>261QA1903X</td><td>Ambulatory Surgical Clinic/Center</td></tr><tr><td>261QA3000X</td><td>Augmentative Communication Clinic/Center</td></tr><tr><td>261QB0400X</td><td>Birthing Clinic/Center</td></tr><tr><td>261QC0050X</td><td>Critical Access Hospital Clinic/Center</td></tr><tr><td>261QC1500X</td><td>Community Health Clinic/Center</td></tr><tr><td>261QC1800X</td><td>Corporate Health Clinic/Center</td></tr><tr><td>261QD0000X</td><td>Dental Clinic/Center</td></tr><tr><td>261QD1600X</td><td>Developmental Disabilities Clinic/Center</td></tr><tr><td>261QE0002X</td><td>Emergency Care Clinic/Center</td></tr><tr><td>261QE0700X</td><td>End-Stage Renal Disease (ESRD) Treatment Clinic/Center</td></tr><tr><td>261QE0800X</td><td>Endoscopy Clinic/Center</td></tr><tr><td>261QF0050X</td><td>Non-Surgical Family Planning Clinic/Center</td></tr><tr><td>261QF0400X</td><td>Federally Qualified Health Center (FQHC)</td></tr><tr><td>261QG0250X</td><td>Genetics Clinic/Center</td></tr><tr><td>261QH0100X</td><td>Health Service Clinic/Center</td></tr><tr><td>261QH0700X</td><td>Hearing and Speech Clinic/Center</td></tr><tr><td>261QI0500X</td><td>Infusion Therapy Clinic/Center</td></tr><tr><td>261QL0400X</td><td>Lithotripsy Clinic/Center</td></tr><tr><td>261QM0801X</td><td>Mental Health Clinic/Center (Including Community Mental Health Center)</td></tr><tr><td>261QM0850X</td><td>Adult Mental Health Clinic/Center</td></tr><tr><td>261QM0855X</td><td>Adolescent and Children Mental Health Clinic/Center</td></tr><tr><td>261QM1000X</td><td>Migrant Health Clinic/Center</td></tr><tr><td>261QM1100X</td><td>Military/U.S. Coast Guard Outpatient Clinic/Center</td></tr><tr><td>261QM1101X</td><td>Military and U.S. Coast Guard Ambulatory Procedure Clinic/Center</td></tr><tr><td>261QM1102X</td><td>Military Outpatient Operational (Transportable) Component Clinic/Center</td></tr><tr><td>261QM1103X</td><td>Military Ambulatory Procedure Visits Operational (Transportable) Clinic/Center</td></tr><tr><td>261QM1200X</td><td>Magnetic Resonance Imaging (MRI) Clinic/Center</td></tr><tr><td>261QM1300X</td><td>Multi-Specialty Clinic/Center</td></tr><tr><td>261QM2500X</td><td>Medical Specialty Clinic/Center</td></tr><tr><td>261QM2800X</td><td>Methadone Clinic</td></tr><tr><td>261QM3000X</td><td>Medically Fragile Infants and Children Day Care</td></tr><tr><td>261QP0904X</td><td>Federal Public Health Clinic/Center</td></tr><tr><td>261QP0905X</td><td>State or Local Public Health Clinic/Center</td></tr><tr><td>261QP1100X</td><td>Podiatric Clinic/Center</td></tr><tr><td>261QP2000X</td><td>Physical Therapy Clinic/Center</td></tr><tr><td>261QP2300X</td><td>Primary Care Clinic/Center</td></tr><tr><td>261QP2400X</td><td>Prison Health Clinic/Center</td></tr><tr><td>261QP3300X</td><td>Pain Clinic/Center</td></tr><tr><td>261QR0200X</td><td>Radiology Clinic/Center</td></tr><tr><td>261QR0206X</td><td>Mammography Clinic/Center</td></tr><tr><td>261QR0207X</td><td>Mobile Mammography Clinic/Center</td></tr><tr><td>261QR0208X</td><td>Mobile Radiology Clinic/Center</td></tr><tr><td>261QR0400X</td><td>Rehabilitation Clinic/Center</td></tr><tr><td>261QR0401X</td><td>Comprehensive Outpatient Rehabilitation Facility (CORF)</td></tr><tr><td>261QR0404X</td><td>Cardiac Rehabilitation Clinic/Center</td></tr><tr><td>261QR0405X</td><td>Substance Use Disorder Rehabilitation Clinic/Center</td></tr><tr><td>261QR0800X</td><td>Recovery Care Clinic/Center</td></tr><tr><td>261QR1100X</td><td>Research Clinic/Center</td></tr><tr><td>261QR1300X</td><td>Rural Health Clinic/Center</td></tr><tr><td>261QS0112X</td><td>Oral and Maxillofacial Surgery Clinic/Center</td></tr><tr><td>261QS0132X</td><td>Ophthalmologic Surgery Clinic/Center</td></tr><tr><td>261QS1000X</td><td>Student Health Clinic/Center</td></tr><tr><td>261QS1200X</td><td>Sleep Disorder Diagnostic Clinic/Center</td></tr><tr><td>261QU0200X</td><td>Urgent Care Clinic/Center</td></tr><tr><td>261QV0200X</td><td>VA Clinic/Center</td></tr><tr><td>261QX0100X</td><td>Occupational Medicine Clinic/Center</td></tr><tr><td>261QX0200X</td><td>Oncology Clinic/Center</td></tr><tr><td>261QX0203X</td><td>Radiation Oncology Clinic/Center</td></tr><tr><td>273100000X</td><td>Epilepsy Hospital Unit</td></tr><tr><td>273R00000X</td><td>Psychiatric Hospital Unit</td></tr><tr><td>273Y00000X</td><td>Rehabilitation Hospital Unit</td></tr><tr><td>275N00000X</td><td>Medicare Defined Swing Bed Hospital Unit</td></tr><tr><td>276400000X</td><td>Substance Use Disorder Rehabilitation Hospital Unit</td></tr><tr><td>281P00000X</td><td>Chronic Disease Hospital</td></tr><tr><td>281PC2000X</td><td>Children' s Chronic Disease Hospital</td></tr><tr><td>282E00000X</td><td>Long Term Care Hospital</td></tr><tr><td>282J00000X</td><td>Religious Nonmedical Health Care Institution</td></tr><tr><td>282N00000X</td><td>General Acute Care Hospital</td></tr><tr><td>282NC0060X</td><td>Critical Access Hospital</td></tr><tr><td>282NC2000X</td><td>Children's Hospital</td></tr><tr><td>282NR1301X</td><td>Rural Acute Care Hospital</td></tr><tr><td>282NW0100X</td><td>Women's Hospital</td></tr><tr><td>283Q00000X</td><td>Psychiatric Hospital</td></tr><tr><td>283X00000X</td><td>Rehabilitation Hospital</td></tr><tr><td>283XC2000X</td><td>Children's Rehabilitation Hospital</td></tr><tr><td>284300000X</td><td>Special Hospital</td></tr><tr><td>286500000X</td><td>Military Hospital</td></tr><tr><td>2865M2000X</td><td>Military General Acute Care Hospital</td></tr><tr><td>2865X1600X</td><td>Operational (Transportable) Military General Acute Care Hospital</td></tr><tr><td>291900000X</td><td>Military Clinical Medical Laboratory</td></tr><tr><td>291U00000X</td><td>Clinical Medical Laboratory</td></tr><tr><td>292200000X</td><td>Dental Laboratory</td></tr><tr><td>293D00000X</td><td>Physiological Laboratory</td></tr><tr><td>302F00000X</td><td>Exclusive Provider Organization</td></tr><tr><td>302R00000X</td><td>Health Maintenance Organization</td></tr><tr><td>305R00000X</td><td>Preferred Provider Organization</td></tr><tr><td>305S00000X</td><td>Point of Service</td></tr><tr><td>310400000X</td><td>Assisted Living Facility</td></tr><tr><td>3104A0625X</td><td>Assisted Living Facility (Mental Illness)</td></tr><tr><td>3104A0630X</td><td>Assisted Living Facility (Behavioral Disturbances)</td></tr><tr><td>310500000X</td><td>Mental Illness Intermediate Care Facility</td></tr><tr><td>311500000X</td><td>Alzheimer Center (Dementia Center)</td></tr><tr><td>311Z00000X</td><td>Custodial Care Facility</td></tr><tr><td>311ZA0620X</td><td>Adult Care Home Facility</td></tr><tr><td>313M00000X</td><td>Nursing Facility/Intermediate Care Facility</td></tr><tr><td>314000000X</td><td>Skilled Nursing Facility</td></tr><tr><td>3140N1450X</td><td>Pediatric Skilled Nursing Facility</td></tr><tr><td>315D00000X</td><td>Inpatient Hospice</td></tr><tr><td>315P00000X</td><td>Intellectual Disabilities Intermediate Care Facility</td></tr><tr><td>174200000X</td><td>Meals Provider</td></tr><tr><td>177F00000X</td><td>Lodging Provider</td></tr><tr><td>320600000X</td><td>Intellectual and/or Developmental Disabilities Residential Treatment Facility</td></tr><tr><td>320700000X</td><td>Physical Disabilities Residential Treatment Facility</td></tr><tr><td>320800000X</td><td>Mental Illness Community Based Residential Treatment Facility</td></tr><tr><td>320900000X</td><td>Intellectual and/or Developmental Disabilities Community Based Residential Treatment Facility</td></tr><tr><td>322D00000X</td><td>Emotionally Disturbed Childrens' Residential Treatment Facility</td></tr><tr><td>323P00000X</td><td>Psychiatric Residential Treatment Facility</td></tr><tr><td>324500000X</td><td>Substance Abuse Rehabilitation Facility</td></tr><tr><td>3245S0500X</td><td>Children's Substance Abuse Rehabilitation Facility</td></tr><tr><td>385H00000X</td><td>Respite Care</td></tr><tr><td>385HR2050X</td><td>Respite Care Camp</td></tr><tr><td>385HR2055X</td><td>Child Mental Illness Respite Care</td></tr><tr><td>385HR2060X</td><td>Child Intellectual and/or Developmental Disabilities Respite Care</td></tr><tr><td>385HR2065X</td><td>Child Physical Disabilities Respite Care</td></tr><tr><td>331L00000X</td><td>Blood Bank</td></tr><tr><td>332000000X</td><td>Military/U.S. Coast Guard Pharmacy</td></tr><tr><td>332100000X</td><td>Department of Veterans Affairs (VA) Pharmacy</td></tr><tr><td>332800000X</td><td>Indian Health Service/Tribal/Urban Indian Health (I/T/U) Pharmacy</td></tr><tr><td>332900000X</td><td>Non-Pharmacy Dispensing Site</td></tr><tr><td>332B00000X</td><td>Durable Medical Equipment &amp; Medical Supplies</td></tr><tr><td>332BC3200X</td><td>Customized Equipment (DME)</td></tr><tr><td>332BD1200X</td><td>Dialysis Equipment &amp; Supplies (DME)</td></tr><tr><td>332BN1400X</td><td>Nursing Facility Supplies (DME)</td></tr><tr><td>332BP3500X</td><td>Parenteral &amp; Enteral Nutrition Supplies (DME)</td></tr><tr><td>332BX2000X</td><td>Oxygen Equipment &amp; Supplies (DME)</td></tr><tr><td>332G00000X</td><td>Eye Bank</td></tr><tr><td>332H00000X</td><td>Eyewear Supplier</td></tr><tr><td>332S00000X</td><td>Hearing Aid Equipment</td></tr><tr><td>332U00000X</td><td>Home Delivered Meals</td></tr><tr><td>333300000X</td><td>Emergency Response System Companies</td></tr><tr><td>333600000X</td><td>Pharmacy</td></tr><tr><td>3336C0002X</td><td>Clinic Pharmacy</td></tr><tr><td>3336C0003X</td><td>Community/Retail Pharmacy</td></tr><tr><td>3336C0004X</td><td>Compounding Pharmacy</td></tr><tr><td>3336H0001X</td><td>Home Infusion Therapy Pharmacy</td></tr><tr><td>3336I0012X</td><td>Institutional Pharmacy</td></tr><tr><td>3336L0003X</td><td>Long Term Care Pharmacy</td></tr><tr><td>3336M0002X</td><td>Mail Order Pharmacy</td></tr><tr><td>3336M0003X</td><td>Managed Care Organization Pharmacy</td></tr><tr><td>3336N0007X</td><td>Nuclear Pharmacy</td></tr><tr><td>3336S0011X</td><td>Specialty Pharmacy</td></tr><tr><td>335E00000X</td><td>Prosthetic/Orthotic Supplier</td></tr><tr><td>335G00000X</td><td>Medical Foods Supplier</td></tr><tr><td>335U00000X</td><td>Organ Procurement Organization</td></tr><tr><td>335V00000X</td><td>Portable X-ray and/or Other Portable Diagnostic Imaging Supplier</td></tr><tr><td>341600000X</td><td>Ambulance</td></tr><tr><td>3416A0800X</td><td>Air Ambulance</td></tr><tr><td>3416L0300X</td><td>Land Ambulance</td></tr><tr><td>3416S0300X</td><td>Water Ambulance</td></tr><tr><td>341800000X</td><td>Military/U.S. Coast Guard Transport,</td></tr><tr><td>3418M1110X</td><td>Military or U.S. Coast Guard Ground Transport Ambulance</td></tr><tr><td>3418M1120X</td><td>Military or U.S. Coast Guard Air Transport Ambulance</td></tr><tr><td>3418M1130X</td><td>Military or U.S. Coast Guard Water Transport Ambulance</td></tr><tr><td>342000000X</td><td>Transportation Network Company</td></tr><tr><td>343800000X</td><td>Secured Medical Transport (VAN)</td></tr><tr><td>343900000X</td><td>Non-emergency Medical Transport (VAN)</td></tr><tr><td>344600000X</td><td>Taxi</td></tr><tr><td>344800000X</td><td>Air Carrier</td></tr><tr><td>347B00000X</td><td>Bus</td></tr><tr><td>347C00000X</td><td>Private Vehicle</td></tr><tr><td>347D00000X</td><td>Train</td></tr><tr><td>347E00000X</td><td>Transportation Broker</td></tr></table></li></ul></div>"},"url":"http://hl7.org/fhir/us/ndh/ValueSet/NonIndividualSpecialtiesVS","version":"1.0.0","name":"NonIndividualSpecialtiesVS","title":"Non-Individual Specialties","status":"active","experimental":false,"date":"2022-10-20T20:37:10-04:00","publisher":"HL7 International - Patient Administration Work Group","contact":[{"name":"HL7 International - Patient Administration Work Group","telecom":[{"system":"url","value":"http://hl7.org/Special/committees/pafm"},{"system":"email","value":"pafm@lists.hl7.org"}]}],"description":"Non-Individual Specialties from National Uniform Claim Committee (NUCC) Health Care Provider Taxonomy code set.","jurisdiction":[{"coding":[{"system":"urn:iso:std:iso:3166","code":"US","display":"United States of America"}]}],"compose":{"include":[{"system":"http://nucc.org/provider-taxonomy","concept":[{"code":"251300000X","display":"Local Education Agency (LEA)"},{"code":"251B00000X","display":"Case Management Agency"},{"code":"251C00000X","display":"Developmentally Disabled Services Day Training Agency"},{"code":"251E00000X","display":"Home Health Agency"},{"code":"251F00000X","display":"Home Infusion Agency"},{"code":"251G00000X","display":"Community Based Hospice Care Agency"},{"code":"251J00000X","display":"Nursing Care Agency"},{"code":"251K00000X","display":"Public Health or Welfare Agency"},{"code":"251S00000X","display":"Community/Behavioral Health Agency"},{"code":"251T00000X","display":"PACE Provider Organization"},{"code":"251V00000X","display":"Voluntary or Charitable Agency"},{"code":"251X00000X","display":"Supports Brokerage Agency"},{"code":"252Y00000X","display":"Early Intervention Provider Agency"},{"code":"253J00000X","display":"Foster Care Agency"},{"code":"253Z00000X","display":"In Home Supportive Care Agency"},{"code":"261Q00000X","display":"Clinic/Center"},{"code":"261QA0005X","display":"Ambulatory Family Planning Facility"},{"code":"261QA0006X","display":"Ambulatory Fertility Facility"},{"code":"261QA0600X","display":"Adult Day Care Clinic/Center"},{"code":"261QA0900X","display":"Amputee Clinic/Center"},{"code":"261QA1903X","display":"Ambulatory Surgical Clinic/Center"},{"code":"261QA3000X","display":"Augmentative Communication Clinic/Center"},{"code":"261QB0400X","display":"Birthing Clinic/Center"},{"code":"261QC0050X","display":"Critical Access Hospital Clinic/Center"},{"code":"261QC1500X","display":"Community Health Clinic/Center"},{"code":"261QC1800X","display":"Corporate Health Clinic/Center"},{"code":"261QD0000X","display":"Dental Clinic/Center"},{"code":"261QD1600X","display":"Developmental Disabilities Clinic/Center"},{"code":"261QE0002X","display":"Emergency Care Clinic/Center"},{"code":"261QE0700X","display":"End-Stage Renal Disease (ESRD) Treatment Clinic/Center"},{"code":"261QE0800X","display":"Endoscopy Clinic/Center"},{"code":"261QF0050X","display":"Non-Surgical Family Planning Clinic/Center"},{"code":"261QF0400X","display":"Federally Qualified Health Center (FQHC)"},{"code":"261QG0250X","display":"Genetics Clinic/Center"},{"code":"261QH0100X","display":"Health Service Clinic/Center"},{"code":"261QH0700X","display":"Hearing and Speech Clinic/Center"},{"code":"261QI0500X","display":"Infusion Therapy Clinic/Center"},{"code":"261QL0400X","display":"Lithotripsy Clinic/Center"},{"code":"261QM0801X","display":"Mental Health Clinic/Center (Including Community Mental Health Center)"},{"code":"261QM0850X","display":"Adult Mental Health Clinic/Center"},{"code":"261QM0855X","display":"Adolescent and Children Mental Health Clinic/Center"},{"code":"261QM1000X","display":"Migrant Health Clinic/Center"},{"code":"261QM1100X","display":"Military/U.S. Coast Guard Outpatient Clinic/Center"},{"code":"261QM1101X","display":"Military and U.S. Coast Guard Ambulatory Procedure Clinic/Center"},{"code":"261QM1102X","display":"Military Outpatient Operational (Transportable) Component Clinic/Center"},{"code":"261QM1103X","display":"Military Ambulatory Procedure Visits Operational (Transportable) Clinic/Center"},{"code":"261QM1200X","display":"Magnetic Resonance Imaging (MRI) Clinic/Center"},{"code":"261QM1300X","display":"Multi-Specialty Clinic/Center"},{"code":"261QM2500X","display":"Medical Specialty Clinic/Center"},{"code":"261QM2800X","display":"Methadone Clinic"},{"code":"261QM3000X","display":"Medically Fragile Infants and Children Day Care"},{"code":"261QP0904X","display":"Federal Public Health Clinic/Center"},{"code":"261QP0905X","display":"State or Local Public Health Clinic/Center"},{"code":"261QP1100X","display":"Podiatric Clinic/Center"},{"code":"261QP2000X","display":"Physical Therapy Clinic/Center"},{"code":"261QP2300X","display":"Primary Care Clinic/Center"},{"code":"261QP2400X","display":"Prison Health Clinic/Center"},{"code":"261QP3300X","display":"Pain Clinic/Center"},{"code":"261QR0200X","display":"Radiology Clinic/Center"},{"code":"261QR0206X","display":"Mammography Clinic/Center"},{"code":"261QR0207X","display":"Mobile Mammography Clinic/Center"},{"code":"261QR0208X","display":"Mobile Radiology Clinic/Center"},{"code":"261QR0400X","display":"Rehabilitation Clinic/Center"},{"code":"261QR0401X","display":"Comprehensive Outpatient Rehabilitation Facility (CORF)"},{"code":"261QR0404X","display":"Cardiac Rehabilitation Clinic/Center"},{"code":"261QR0405X","display":"Substance Use Disorder Rehabilitation Clinic/Center"},{"code":"261QR0800X","display":"Recovery Care Clinic/Center"},{"code":"261QR1100X","display":"Research Clinic/Center"},{"code":"261QR1300X","display":"Rural Health Clinic/Center"},{"code":"261QS0112X","display":"Oral and Maxillofacial Surgery Clinic/Center"},{"code":"261QS0132X","display":"Ophthalmologic Surgery Clinic/Center"},{"code":"261QS1000X","display":"Student Health Clinic/Center"},{"code":"261QS1200X","display":"Sleep Disorder Diagnostic Clinic/Center"},{"code":"261QU0200X","display":"Urgent Care Clinic/Center"},{"code":"261QV0200X","display":"VA Clinic/Center"},{"code":"261QX0100X","display":"Occupational Medicine Clinic/Center"},{"code":"261QX0200X","display":"Oncology Clinic/Center"},{"code":"261QX0203X","display":"Radiation Oncology Clinic/Center"},{"code":"273100000X","display":"Epilepsy Hospital Unit"},{"code":"273R00000X","display":"Psychiatric Hospital Unit"},{"code":"273Y00000X","display":"Rehabilitation Hospital Unit"},{"code":"275N00000X","display":"Medicare Defined Swing Bed Hospital Unit"},{"code":"276400000X","display":"Substance Use Disorder Rehabilitation Hospital Unit"},{"code":"281P00000X","display":"Chronic Disease Hospital"},{"code":"281PC2000X","display":"Children' s Chronic Disease Hospital"},{"code":"282E00000X","display":"Long Term Care Hospital"},{"code":"282J00000X","display":"Religious Nonmedical Health Care Institution"},{"code":"282N00000X","display":"General Acute Care Hospital"},{"code":"282NC0060X","display":"Critical Access Hospital"},{"code":"282NC2000X","display":"Children's Hospital"},{"code":"282NR1301X","display":"Rural Acute Care Hospital"},{"code":"282NW0100X","display":"Women's Hospital"},{"code":"283Q00000X","display":"Psychiatric Hospital"},{"code":"283X00000X","display":"Rehabilitation Hospital"},{"code":"283XC2000X","display":"Children's Rehabilitation Hospital"},{"code":"284300000X","display":"Special Hospital"},{"code":"286500000X","display":"Military Hospital"},{"code":"2865M2000X","display":"Military General Acute Care Hospital"},{"code":"2865X1600X","display":"Operational (Transportable) Military General Acute Care Hospital"},{"code":"291900000X","display":"Military Clinical Medical Laboratory"},{"code":"291U00000X","display":"Clinical Medical Laboratory"},{"code":"292200000X","display":"Dental Laboratory"},{"code":"293D00000X","display":"Physiological Laboratory"},{"code":"302F00000X","display":"Exclusive Provider Organization"},{"code":"302R00000X","display":"Health Maintenance Organization"},{"code":"305R00000X","display":"Preferred Provider Organization"},{"code":"305S00000X","display":"Point of Service"},{"code":"310400000X","display":"Assisted Living Facility"},{"code":"3104A0625X","display":"Assisted Living Facility (Mental Illness)"},{"code":"3104A0630X","display":"Assisted Living Facility (Behavioral Disturbances)"},{"code":"310500000X","display":"Mental Illness Intermediate Care Facility"},{"code":"311500000X","display":"Alzheimer Center (Dementia Center)"},{"code":"311Z00000X","display":"Custodial Care Facility"},{"code":"311ZA0620X","display":"Adult Care Home Facility"},{"code":"313M00000X","display":"Nursing Facility/Intermediate Care Facility"},{"code":"314000000X","display":"Skilled Nursing Facility"},{"code":"3140N1450X","display":"Pediatric Skilled Nursing Facility"},{"code":"315D00000X","display":"Inpatient Hospice"},{"code":"315P00000X","display":"Intellectual Disabilities Intermediate Care Facility"},{"code":"174200000X","display":"Meals Provider"},{"code":"177F00000X","display":"Lodging Provider"},{"code":"320600000X","display":"Intellectual and/or Developmental Disabilities Residential Treatment Facility"},{"code":"320700000X","display":"Physical Disabilities Residential Treatment Facility"},{"code":"320800000X","display":"Mental Illness Community Based Residential Treatment Facility"},{"code":"320900000X","display":"Intellectual and/or Developmental Disabilities Community Based Residential Treatment Facility"},{"code":"322D00000X","display":"Emotionally Disturbed Childrens' Residential Treatment Facility"},{"code":"323P00000X","display":"Psychiatric Residential Treatment Facility"},{"code":"324500000X","display":"Substance Abuse Rehabilitation Facility"},{"code":"3245S0500X","display":"Children's Substance Abuse Rehabilitation Facility"},{"code":"385H00000X","display":"Respite Care"},{"code":"385HR2050X","display":"Respite Care Camp"},{"code":"385HR2055X","display":"Child Mental Illness Respite Care"},{"code":"385HR2060X","display":"Child Intellectual and/or Developmental Disabilities Respite Care"},{"code":"385HR2065X","display":"Child Physical Disabilities Respite Care"},{"code":"331L00000X","display":"Blood Bank"},{"code":"332000000X","display":"Military/U.S. Coast Guard Pharmacy"},{"code":"332100000X","display":"Department of Veterans Affairs (VA) Pharmacy"},{"code":"332800000X","display":"Indian Health Service/Tribal/Urban Indian Health (I/T/U) Pharmacy"},{"code":"332900000X","display":"Non-Pharmacy Dispensing Site"},{"code":"332B00000X","display":"Durable Medical Equipment & Medical Supplies"},{"code":"332BC3200X","display":"Customized Equipment (DME)"},{"code":"332BD1200X","display":"Dialysis Equipment & Supplies (DME)"},{"code":"332BN1400X","display":"Nursing Facility Supplies (DME)"},{"code":"332BP3500X","display":"Parenteral & Enteral Nutrition Supplies (DME)"},{"code":"332BX2000X","display":"Oxygen Equipment & Supplies (DME)"},{"code":"332G00000X","display":"Eye Bank"},{"code":"332H00000X","display":"Eyewear Supplier"},{"code":"332S00000X","display":"Hearing Aid Equipment"},{"code":"332U00000X","display":"Home Delivered Meals"},{"code":"333300000X","display":"Emergency Response System Companies"},{"code":"333600000X","display":"Pharmacy"},{"code":"3336C0002X","display":"Clinic Pharmacy"},{"code":"3336C0003X","display":"Community/Retail Pharmacy"},{"code":"3336C0004X","display":"Compounding Pharmacy"},{"code":"3336H0001X","display":"Home Infusion Therapy Pharmacy"},{"code":"3336I0012X","display":"Institutional Pharmacy"},{"code":"3336L0003X","display":"Long Term Care Pharmacy"},{"code":"3336M0002X","display":"Mail Order Pharmacy"},{"code":"3336M0003X","display":"Managed Care Organization Pharmacy"},{"code":"3336N0007X","display":"Nuclear Pharmacy"},{"code":"3336S0011X","display":"Specialty Pharmacy"},{"code":"335E00000X","display":"Prosthetic/Orthotic Supplier"},{"code":"335G00000X","display":"Medical Foods Supplier"},{"code":"335U00000X","display":"Organ Procurement Organization"},{"code":"335V00000X","display":"Portable X-ray and/or Other Portable Diagnostic Imaging Supplier"},{"code":"341600000X","display":"Ambulance"},{"code":"3416A0800X","display":"Air Ambulance"},{"code":"3416L0300X","display":"Land Ambulance"},{"code":"3416S0300X","display":"Water Ambulance"},{"code":"341800000X","display":"Military/U.S. Coast Guard Transport,"},{"code":"3418M1110X","display":"Military or U.S. Coast Guard Ground Transport Ambulance"},{"code":"3418M1120X","display":"Military or U.S. Coast Guard Air Transport Ambulance"},{"code":"3418M1130X","display":"Military or U.S. Coast Guard Water Transport Ambulance"},{"code":"342000000X","display":"Transportation Network Company"},{"code":"343800000X","display":"Secured Medical Transport (VAN)"},{"code":"343900000X","display":"Non-emergency Medical Transport (VAN)"},{"code":"344600000X","display":"Taxi"},{"code":"344800000X","display":"Air Carrier"},{"code":"347B00000X","display":"Bus"},{"code":"347C00000X","display":"Private Vehicle"},{"code":"347D00000X","display":"Train"},{"code":"347E00000X","display":"Transportation Broker"}]}]}}