{"resourceType":"ValueSet","id":"ValidationProcessVS","text":{"status":"extensions","div":"<div xmlns=\"http://www.w3.org/1999/xhtml\"><ul><li>Include these codes as defined in <a href=\"CodeSystem-ValidationTypeCS.html\"><code>http://hl7.org/fhir/us/ndh/CodeSystem/ValidationTypeCS</code></a><table class=\"none\"><tr><td style=\"white-space:nowrap\"><b>Code</b></td><td><b>Display</b></td><td><b>Definition</b></td></tr><tr><td><a href=\"CodeSystem-ValidationTypeCS.html#ValidationTypeCS-editcheck\">editcheck</a></td><td>edit check</td><td>Indicates the element or resource is validated for format, range, presence, or other similar properties.</td></tr><tr><td><a href=\"CodeSystem-ValidationTypeCS.html#ValidationTypeCS-valueset\">valueset</a></td><td>Valueset</td><td>Indicates the element or resource is validated against a value set.</td></tr><tr><td><a href=\"CodeSystem-ValidationTypeCS.html#ValidationTypeCS-extsource\">extsource</a></td><td>External source</td><td>Indicates the element or resource is validated against an external source.</td></tr><tr><td><a href=\"CodeSystem-ValidationTypeCS.html#ValidationTypeCS-standalone\">standalone</a></td><td>Stand alone</td><td>Indicates the element or resource is validated by itself and is unrelated to other elements or resources.</td></tr><tr><td><a href=\"CodeSystem-ValidationTypeCS.html#ValidationTypeCS-incontext\">incontext</a></td><td>In context</td><td>Indicates the element or resource is validated by the existence or value of another related element or resource.</td></tr><tr><td><a href=\"CodeSystem-ValidationTypeCS.html#ValidationTypeCS-attester\">attester</a></td><td>Attester</td><td>Attester</td></tr></table></li></ul></div>"},"url":"http://hl7.org/fhir/us/ndh/ValueSet/ValidationProcessVS","version":"1.0.0","name":"ValidationProcessVS","title":"Validation Type Value Set","status":"active","experimental":false,"date":"2022-10-31T22:12:57-04:00","publisher":"HL7 International - Patient Administration Work Group","contact":[{"name":"HL7 International - Patient Administration Work Group","telecom":[{"system":"url","value":"http://hl7.org/Special/committees/pafm"},{"system":"email","value":"pafm@lists.hl7.org"}]}],"description":"Codes to identify Validation Type","jurisdiction":[{"coding":[{"system":"urn:iso:std:iso:3166","code":"US","display":"United States of America"}]}],"compose":{"include":[{"system":"http://hl7.org/fhir/us/ndh/CodeSystem/ValidationTypeCS","concept":[{"code":"editcheck","display":"edit check"},{"code":"valueset","display":"Valueset"},{"code":"extsource","display":"External source"},{"code":"standalone","display":"Stand alone"},{"code":"incontext","display":"In context"},{"code":"attester","display":"Attester"}]}]}}