{
  "resourceType": "CodeSystem",
  "id": "CredentialStatusCS",
  "text": {
    "status": "generated",
    "div": "<div xmlns=\"http://www.w3.org/1999/xhtml\"><p>This code system <code>http://hl7.org/fhir/us/ndh/CodeSystem/CredentialStatusCS</code> defines the following codes:</p><table class=\"codes\"><tr><td style=\"white-space:nowrap\"><b>Code</b></td><td><b>Display</b></td><td><b>Definition</b></td></tr><tr><td style=\"white-space:nowrap\">active<a name=\"CredentialStatusCS-active\"> </a></td><td>active</td><td>The credential may be considered valid for use.</td></tr><tr><td style=\"white-space:nowrap\">inactive<a name=\"CredentialStatusCS-inactive\"> </a></td><td>inactive</td><td>The credential may not be considered valid for use.</td></tr><tr><td style=\"white-space:nowrap\">issued-in-error<a name=\"CredentialStatusCS-issued-in-error\"> </a></td><td>issued in error</td><td>The credential was mistakenly assigned and should not be considered valid for use.</td></tr><tr><td style=\"white-space:nowrap\">revoked<a name=\"CredentialStatusCS-revoked\"> </a></td><td>revoked</td><td>The credential was revoked by the issuing organization and should not be considered valid for use.</td></tr><tr><td style=\"white-space:nowrap\">pending<a name=\"CredentialStatusCS-pending\"> </a></td><td>pending</td><td>The credential has not been officially assigned. It may or may not be considered valid for use.</td></tr><tr><td style=\"white-space:nowrap\">unknown<a name=\"CredentialStatusCS-unknown\"> </a></td><td>unknown</td><td>The status of this credential is unknown. It may or may not be considered valid for use.</td></tr></table></div>"
  },
  "url": "http://hl7.org/fhir/us/ndh/CodeSystem/CredentialStatusCS",
  "version": "1.0.0",
  "name": "CredentialStatusCS",
  "title": "Credential Status Code System",
  "status": "active",
  "experimental": false,
  "date": "2022-10-20T20:37:10-04:00",
  "publisher": "HL7 International - Patient Administration Work Group",
  "contact": [
    {
      "name": "HL7 International - Patient Administration Work Group",
      "telecom": [
        {
          "system": "url",
          "value": "http://hl7.org/Special/committees/pafm"
        },
        {
          "system": "email",
          "value": "pafm@lists.hl7.org"
        }
      ]
    }
  ],
  "description": "This code system contains codes for indicating the status of a credential, such as an identifier or qualification.",
  "jurisdiction": [
    {
      "coding": [
        {
          "system": "urn:iso:std:iso:3166",
          "code": "US",
          "display": "United States of America"
        }
      ]
    }
  ],
  "caseSensitive": true,
  "content": "complete",
  "count": 6,
  "concept": [
    {
      "code": "active",
      "display": "active",
      "definition": "The credential may be considered valid for use."
    },
    {
      "code": "inactive",
      "display": "inactive",
      "definition": "The credential may not be considered valid for use."
    },
    {
      "code": "issued-in-error",
      "display": "issued in error",
      "definition": "The credential was mistakenly assigned and should not be considered valid for use."
    },
    {
      "code": "revoked",
      "display": "revoked",
      "definition": "The credential was revoked by the issuing organization and should not be considered valid for use."
    },
    {
      "code": "pending",
      "display": "pending",
      "definition": "The credential has not been officially assigned. It may or may not be considered valid for use."
    },
    {
      "code": "unknown",
      "display": "unknown",
      "definition": "The status of this credential is unknown. It may or may not be considered valid for use."
    }
  ]
}