{
  "resourceType": "CodeSystem",
  "id": "InsuranceProductTypeCS",
  "text": {
    "status": "generated",
    "div": "<div xmlns=\"http://www.w3.org/1999/xhtml\"><p>This code system <code>http://hl7.org/fhir/us/ndh/CodeSystem/InsuranceProductTypeCS</code> defines the following codes:</p><table class=\"codes\"><tr><td style=\"white-space:nowrap\"><b>Code</b></td><td><b>Display</b></td><td><b>Definition</b></td></tr><tr><td style=\"white-space:nowrap\">commppo<a name=\"InsuranceProductTypeCS-commppo\"> </a></td><td>Commercial PPO</td><td>Health insurance provided through a Preferred Provider Organization (PPO).</td></tr><tr><td style=\"white-space:nowrap\">commhdhp<a name=\"InsuranceProductTypeCS-commhdhp\"> </a></td><td>Commercial HDHP</td><td>Health insurance provided through a High Deductible Health Plan (HDHP).</td></tr><tr><td style=\"white-space:nowrap\">commpos<a name=\"InsuranceProductTypeCS-commpos\"> </a></td><td>Commercial POS</td><td>Health insurance provided through a Point-of-Service (POS) Plan.</td></tr><tr><td style=\"white-space:nowrap\">commhmo<a name=\"InsuranceProductTypeCS-commhmo\"> </a></td><td>Commercial HMO</td><td>Health insurance provided through a Health Maintenance Organization (HMO).</td></tr><tr><td style=\"white-space:nowrap\">commepo<a name=\"InsuranceProductTypeCS-commepo\"> </a></td><td>Commercial EPO</td><td>Health insurance provided through a Exclusive Provider Organization(EPO).</td></tr><tr><td style=\"white-space:nowrap\">medi<a name=\"InsuranceProductTypeCS-medi\"> </a></td><td>Medicaid</td><td>Health insurance provided to eligible adults and children under the Federal Medicaid program</td></tr><tr><td style=\"white-space:nowrap\">medihmo<a name=\"InsuranceProductTypeCS-medihmo\"> </a></td><td>Medicaid HMO</td><td>Health insurance provided to eligible adults and children under the Federal Medicaid program through a Health Maintenance Organization (HMO).</td></tr><tr><td style=\"white-space:nowrap\">mediadv<a name=\"InsuranceProductTypeCS-mediadv\"> </a></td><td>Medicare Advantage</td><td>Health insurance provided by a private company that contracts with Medicare to provide all Medicare Part A and Part B benefits.</td></tr><tr><td style=\"white-space:nowrap\">mediadvhmo<a name=\"InsuranceProductTypeCS-mediadvhmo\"> </a></td><td>Medicare Advantage HMO</td><td>Health insurance offered by a private company that contracts with Medicare to provide all Medicare Part A and Part B benefits through a Health Maintenance Organization (HMO).</td></tr><tr><td style=\"white-space:nowrap\">media<a name=\"InsuranceProductTypeCS-media\"> </a></td><td>Medicare Part A</td><td>Health insurance provided under the Federal Medicare program covering inpatient hospital stays, care in a skilled nursing facility, hospice care, and some home health care.</td></tr><tr><td style=\"white-space:nowrap\">medib<a name=\"InsuranceProductTypeCS-medib\"> </a></td><td>Medicare Part B</td><td>Health insurance provided under the Federal Medicfare program covering certain doctors' services, outpatient care, medical supplies, and preventive services.</td></tr><tr><td style=\"white-space:nowrap\">medid<a name=\"InsuranceProductTypeCS-medid\"> </a></td><td>Medicare Part D</td><td>Health insurance provided under the Federal Medicare program covering prescription drugs.</td></tr><tr><td style=\"white-space:nowrap\">mediab<a name=\"InsuranceProductTypeCS-mediab\"> </a></td><td>Medicare A/B</td><td>Health insurance provided under the Federal Medicare program covering inpatient hospital stays, care in a skilled nursing facility, hospice care, some home health care, certain doctors' services, outpatient care, medical supplies, and preventive services.</td></tr><tr><td style=\"white-space:nowrap\">qhp<a name=\"InsuranceProductTypeCS-qhp\"> </a></td><td>Qualified Health Plan</td><td>Health insurance provided through and certified by the Health Insurance Marketplace that provides essential health benefits (EHBs), follows established limits on cost sharing, and meets other requirements outlined within the application process.</td></tr><tr><td style=\"white-space:nowrap\">ihs<a name=\"InsuranceProductTypeCS-ihs\"> </a></td><td>Indian Health Service</td><td>Health care program provided to United States American Indians and Alaska Natives.</td></tr><tr><td style=\"white-space:nowrap\">fep<a name=\"InsuranceProductTypeCS-fep\"> </a></td><td>Federal Employee Program</td><td>Health insurance provided to employees of the Federal government.</td></tr><tr><td style=\"white-space:nowrap\">tri<a name=\"InsuranceProductTypeCS-tri\"> </a></td><td>TRICARE</td><td>Health care program provided to uniformed service members, retirees, and their families around the world.</td></tr><tr><td style=\"white-space:nowrap\">va<a name=\"InsuranceProductTypeCS-va\"> </a></td><td>Veterans Affairs Plan</td><td>Health care program provided to eligible veterans.</td></tr><tr><td style=\"white-space:nowrap\">dent<a name=\"InsuranceProductTypeCS-dent\"> </a></td><td>Dental Plan</td><td>Health insurance provided to cover services related to the study, diagnosis, prevention, and treatment of diseases, disorders, and conditions of the oral cavity.</td></tr><tr><td style=\"white-space:nowrap\">denthmo<a name=\"InsuranceProductTypeCS-denthmo\"> </a></td><td>Dental HMO</td><td>Health insurance provided to cover services related to the study, diagnosis, prevention, and treatment of diseases, disorders, and conditions of the oral cavity provided through a Health Maintenance Organization (HMO).</td></tr><tr><td style=\"white-space:nowrap\">vis<a name=\"InsuranceProductTypeCS-vis\"> </a></td><td>Vision Plan</td><td>Health insurance provided to cover services related to the study, diagnosis, prevention, and treatment of diseases, disorders, and conditions of the eyes.</td></tr><tr><td style=\"white-space:nowrap\">vishmo<a name=\"InsuranceProductTypeCS-vishmo\"> </a></td><td>Vision HMO</td><td>Health insurance provided to cover services related to the study, diagnosis, prevention, and treatment of diseases, disorders, and conditions of the eyes provided through a Health Maintenance Organization (HMO).</td></tr></table></div>"
  },
  "url": "http://hl7.org/fhir/us/ndh/CodeSystem/InsuranceProductTypeCS",
  "version": "1.0.0",
  "name": "InsuranceProductTypeCS",
  "title": "Insurance Product Type Code System",
  "status": "active",
  "experimental": false,
  "date": "2022-11-04T11:24:16-04:00",
  "publisher": "HL7 International - Patient Administration Work Group",
  "contact": [
    {
      "name": "HL7 International - Patient Administration Work Group",
      "telecom": [
        {
          "system": "url",
          "value": "http://hl7.org/Special/committees/pafm"
        },
        {
          "system": "email",
          "value": "pafm@lists.hl7.org"
        }
      ]
    }
  ],
  "description": "A distinct package of health insurance coverage benefits that are offered using a particular product network type.",
  "jurisdiction": [
    {
      "coding": [
        {
          "system": "urn:iso:std:iso:3166",
          "code": "US",
          "display": "United States of America"
        }
      ]
    }
  ],
  "caseSensitive": true,
  "content": "complete",
  "count": 22,
  "concept": [
    {
      "code": "commppo",
      "display": "Commercial PPO",
      "definition": "Health insurance provided through a Preferred Provider Organization (PPO)."
    },
    {
      "code": "commhdhp",
      "display": "Commercial HDHP",
      "definition": "Health insurance provided through a High Deductible Health Plan (HDHP)."
    },
    {
      "code": "commpos",
      "display": "Commercial POS",
      "definition": "Health insurance provided through a Point-of-Service (POS) Plan."
    },
    {
      "code": "commhmo",
      "display": "Commercial HMO",
      "definition": "Health insurance provided through a Health Maintenance Organization (HMO)."
    },
    {
      "code": "commepo",
      "display": "Commercial EPO",
      "definition": "Health insurance provided through a Exclusive Provider Organization(EPO)."
    },
    {
      "code": "medi",
      "display": "Medicaid",
      "definition": "Health insurance provided to eligible adults and children under the Federal Medicaid program"
    },
    {
      "code": "medihmo",
      "display": "Medicaid HMO",
      "definition": "Health insurance provided to eligible adults and children under the Federal Medicaid program through a Health Maintenance Organization (HMO)."
    },
    {
      "code": "mediadv",
      "display": "Medicare Advantage",
      "definition": "Health insurance provided by a private company that contracts with Medicare to provide all Medicare Part A and Part B benefits."
    },
    {
      "code": "mediadvhmo",
      "display": "Medicare Advantage HMO",
      "definition": "Health insurance offered by a private company that contracts with Medicare to provide all Medicare Part A and Part B benefits through a Health Maintenance Organization (HMO)."
    },
    {
      "code": "media",
      "display": "Medicare Part A",
      "definition": "Health insurance provided under the Federal Medicare program covering inpatient hospital stays, care in a skilled nursing facility, hospice care, and some home health care."
    },
    {
      "code": "medib",
      "display": "Medicare Part B",
      "definition": "Health insurance provided under the Federal Medicfare program covering certain doctors' services, outpatient care, medical supplies, and preventive services."
    },
    {
      "code": "medid",
      "display": "Medicare Part D",
      "definition": "Health insurance provided under the Federal Medicare program covering prescription drugs."
    },
    {
      "code": "mediab",
      "display": "Medicare A/B",
      "definition": "Health insurance provided under the Federal Medicare program covering inpatient hospital stays, care in a skilled nursing facility, hospice care, some home health care, certain doctors' services, outpatient care, medical supplies, and preventive services."
    },
    {
      "code": "qhp",
      "display": "Qualified Health Plan",
      "definition": "Health insurance provided through and certified by the Health Insurance Marketplace that provides essential health benefits (EHBs), follows established limits on cost sharing, and meets other requirements outlined within the application process."
    },
    {
      "code": "ihs",
      "display": "Indian Health Service",
      "definition": "Health care program provided to United States American Indians and Alaska Natives."
    },
    {
      "code": "fep",
      "display": "Federal Employee Program",
      "definition": "Health insurance provided to employees of the Federal government."
    },
    {
      "code": "tri",
      "display": "TRICARE",
      "definition": "Health care program provided to uniformed service members, retirees, and their families around the world."
    },
    {
      "code": "va",
      "display": "Veterans Affairs Plan",
      "definition": "Health care program provided to eligible veterans."
    },
    {
      "code": "dent",
      "display": "Dental Plan",
      "definition": "Health insurance provided to cover services related to the study, diagnosis, prevention, and treatment of diseases, disorders, and conditions of the oral cavity."
    },
    {
      "code": "denthmo",
      "display": "Dental HMO",
      "definition": "Health insurance provided to cover services related to the study, diagnosis, prevention, and treatment of diseases, disorders, and conditions of the oral cavity provided through a Health Maintenance Organization (HMO)."
    },
    {
      "code": "vis",
      "display": "Vision Plan",
      "definition": "Health insurance provided to cover services related to the study, diagnosis, prevention, and treatment of diseases, disorders, and conditions of the eyes."
    },
    {
      "code": "vishmo",
      "display": "Vision HMO",
      "definition": "Health insurance provided to cover services related to the study, diagnosis, prevention, and treatment of diseases, disorders, and conditions of the eyes provided through a Health Maintenance Organization (HMO)."
    }
  ]
}