{
  "resourceType": "CodeSystem",
  "id": "EndpointPayloadTypeCS",
  "text": {
    "status": "generated",
    "div": "<div xmlns=\"http://www.w3.org/1999/xhtml\"><p>This code system <code>http://hl7.org/fhir/us/ndh/CodeSystem/EndpointPayloadTypeCS</code> defines the following codes:</p><table class=\"codes\"><tr><td style=\"white-space:nowrap\"><b>Code</b></td><td><b>Display</b></td><td><b>Definition</b></td></tr><tr><td style=\"white-space:nowrap\">NA<a name=\"EndpointPayloadTypeCS-NA\"> </a></td><td>Not Applicable</td><td>Not Applicable</td></tr></table></div>"
  },
  "url": "http://hl7.org/fhir/us/ndh/CodeSystem/EndpointPayloadTypeCS",
  "version": "1.0.0",
  "name": "EndpointPayloadTypeCS",
  "title": "Endpoint Payload Types Code System",
  "status": "active",
  "experimental": false,
  "date": "2022-11-04T11:24:16-04:00",
  "publisher": "HL7 International - Patient Administration Work Group",
  "contact": [
    {
      "name": "HL7 International - Patient Administration Work Group",
      "telecom": [
        {
          "system": "url",
          "value": "http://hl7.org/Special/committees/pafm"
        },
        {
          "system": "email",
          "value": "pafm@lists.hl7.org"
        }
      ]
    }
  ],
  "description": "Endpoint Payload Types are constrained to NA (Not Applicable) as part of this IG",
  "jurisdiction": [
    {
      "coding": [
        {
          "system": "urn:iso:std:iso:3166",
          "code": "US",
          "display": "United States of America"
        }
      ]
    }
  ],
  "caseSensitive": true,
  "content": "complete",
  "count": 1,
  "concept": [
    {
      "code": "NA",
      "display": "Not Applicable",
      "definition": "Not Applicable"
    }
  ]
}