{
  "resourceType": "SearchParameter",
  "id": "sp-endpoint-usecase-standard",
  "text": {
    "status": "generated",
    "div": "<div xmlns=\"http://www.w3.org/1999/xhtml\"><p><b>Generated Narrative: SearchParameter</b><a name=\"sp-endpoint-usecase-standard\"> </a></p><div style=\"display: inline-block; background-color: #d9e0e7; padding: 6px; margin: 4px; border: 1px solid #8da1b4; border-radius: 5px; line-height: 60%\"><p style=\"margin-bottom: 0px\">Resource SearchParameter \"sp-endpoint-usecase-standard\" </p></div><p><b>url</b>: <code>http://hl7.org/fhir/us/ndh/SearchParameter/sp-endpoint-usecase-standard</code></p><p><b>version</b>: 1.0.0</p><p><b>name</b>: Endpoint-usecase-standard</p><p><b>status</b>: active</p><p><b>date</b>: 2022-10-31 10:12:57-0400</p><p><b>publisher</b>: HL7 International - Patient Administration Work Group</p><p><b>contact</b>: HL7 International - Patient Administration Work Group: <a href=\"http://hl7.org/Special/committees/pafm\">http://hl7.org/Special/committees/pafm</a>,<a href=\"mailto:pafm@lists.hl7.org\">pafm@lists.hl7.org</a></p><p><b>description</b>: Select Endpoints that support the specified usecase standard</p><p><b>jurisdiction</b>: United States of America <span style=\"background: LightGoldenRodYellow; margin: 4px; border: 1px solid khaki\"> (<a href=\"http://terminology.hl7.org/4.0.0/CodeSystem-ISO3166Part1.html\">ISO 3166-1 Codes for the representation of names of countries and their subdivisions — Part 1: Country code</a>#US)</span></p><p><b>code</b>: usecase-standard</p><p><b>base</b>: Endpoint</p><p><b>type</b>: uri</p><p><b>expression</b>: Endpoint.extension('http://hl7.org/fhir/us/ndh/StructureDefinition/base-ext-endpoint-usecase').extention('standard')</p><p><b>multipleOr</b>: true</p><p><b>multipleAnd</b>: true</p><p><b>modifier</b>: below</p></div>"
  },
  "url": "http://hl7.org/fhir/us/ndh/SearchParameter/sp-endpoint-usecase-standard",
  "version": "1.0.0",
  "name": "Endpoint-usecase-standard",
  "status": "active",
  "date": "2022-10-31T22:12:57-04:00",
  "publisher": "HL7 International - Patient Administration Work Group",
  "contact": [
    {
      "name": "HL7 International - Patient Administration Work Group",
      "telecom": [
        {
          "system": "url",
          "value": "http://hl7.org/Special/committees/pafm"
        },
        {
          "system": "email",
          "value": "pafm@lists.hl7.org"
        }
      ]
    }
  ],
  "description": "Select Endpoints that support the specified usecase standard",
  "jurisdiction": [
    {
      "coding": [
        {
          "system": "urn:iso:std:iso:3166",
          "code": "US",
          "display": "United States of America"
        }
      ]
    }
  ],
  "code": "usecase-standard",
  "base": [
    "Endpoint"
  ],
  "type": "uri",
  "expression": "Endpoint.extension('http://hl7.org/fhir/us/ndh/StructureDefinition/base-ext-endpoint-usecase').extention('standard')",
  "multipleOr": true,
  "multipleAnd": true,
  "modifier": [
    "below"
  ]
}