{
  "resourceType": "SearchParameter",
  "id": "sp-careteam-organization",
  "text": {
    "status": "generated",
    "div": "<div xmlns=\"http://www.w3.org/1999/xhtml\"><p><b>Generated Narrative: SearchParameter</b><a name=\"sp-careteam-organization\"> </a></p><div style=\"display: inline-block; background-color: #d9e0e7; padding: 6px; margin: 4px; border: 1px solid #8da1b4; border-radius: 5px; line-height: 60%\"><p style=\"margin-bottom: 0px\">Resource SearchParameter \"sp-careteam-organization\" </p></div><p><b>url</b>: <code>http://hl7.org/fhir/us/ndh/SearchParameter/sp-careteam-organization</code></p><p><b>version</b>: 1.0.0</p><p><b>name</b>: CareTeam-organization</p><p><b>status</b>: active</p><p><b>date</b>: 2022-11-04 11:24:16-0400</p><p><b>publisher</b>: HL7 International - Patient Administration Work Group</p><p><b>contact</b>: HL7 International - Patient Administration Work Group: <a href=\"http://hl7.org/Special/committees/pafm\">http://hl7.org/Special/committees/pafm</a>,<a href=\"mailto:pafm@lists.hl7.org\">pafm@lists.hl7.org</a></p><p><b>description</b>: Select CareTeams managed by the specified organization</p><p><b>jurisdiction</b>: United States of America <span style=\"background: LightGoldenRodYellow; margin: 4px; border: 1px solid khaki\"> (<a href=\"http://terminology.hl7.org/4.0.0/CodeSystem-ISO3166Part1.html\">ISO 3166-1 Codes for the representation of names of countries and their subdivisions — Part 1: Country code</a>#US)</span></p><p><b>code</b>: organization</p><p><b>base</b>: CareTeam</p><p><b>type</b>: reference</p><p><b>expression</b>: CareTeam.managingOrganization</p><p><b>target</b>: Organization</p><p><b>multipleOr</b>: true</p><p><b>multipleAnd</b>: true</p><p><b>modifier</b>: above, below</p><p><b>chain</b>: identifier, name, address, partof, type</p></div>"
  },
  "url": "http://hl7.org/fhir/us/ndh/SearchParameter/sp-careteam-organization",
  "version": "1.0.0",
  "name": "CareTeam-organization",
  "status": "active",
  "date": "2022-11-04T11:24:16-04:00",
  "publisher": "HL7 International - Patient Administration Work Group",
  "contact": [
    {
      "name": "HL7 International - Patient Administration Work Group",
      "telecom": [
        {
          "system": "url",
          "value": "http://hl7.org/Special/committees/pafm"
        },
        {
          "system": "email",
          "value": "pafm@lists.hl7.org"
        }
      ]
    }
  ],
  "description": "Select CareTeams managed by the specified organization",
  "jurisdiction": [
    {
      "coding": [
        {
          "system": "urn:iso:std:iso:3166",
          "code": "US",
          "display": "United States of America"
        }
      ]
    }
  ],
  "code": "organization",
  "base": [
    "CareTeam"
  ],
  "type": "reference",
  "expression": "CareTeam.managingOrganization",
  "target": [
    "Organization"
  ],
  "multipleOr": true,
  "multipleAnd": true,
  "modifier": [
    "above",
    "below"
  ],
  "chain": [
    "identifier",
    "name",
    "address",
    "partof",
    "type"
  ]
}