{
  "resourceType": "ValueSet",
  "id": "EndpointConnectionTypeVS",
  "text": {
    "status": "generated",
    "div": "<div xmlns=\"http://www.w3.org/1999/xhtml\"><p>This value set includes codes based on the following rules:</p><ul><li>Include all codes defined in <a href=\"http://terminology.hl7.org/4.0.0/CodeSystem-endpoint-connection-type.html\"><code>http://terminology.hl7.org/CodeSystem/endpoint-connection-type</code></a></li><li>Include all codes defined in <a href=\"CodeSystem-EndpointConnectionTypeCS.html\"><code>http://hl7.org/fhir/us/ndh/CodeSystem/EndpointConnectionTypeCS</code></a></li></ul></div>"
  },
  "url": "http://hl7.org/fhir/us/ndh/ValueSet/EndpointConnectionTypeVS",
  "version": "1.0.0",
  "name": "EndpointConnectionTypeVS",
  "title": "Endpoint Connection Types Value Set",
  "status": "active",
  "experimental": false,
  "date": "2022-11-04T11:24:16-04:00",
  "publisher": "HL7 International - Patient Administration Work Group",
  "contact": [
    {
      "name": "HL7 International - Patient Administration Work Group",
      "telecom": [
        {
          "system": "url",
          "value": "http://hl7.org/Special/committees/pafm"
        },
        {
          "system": "email",
          "value": "pafm@lists.hl7.org"
        }
      ]
    }
  ],
  "description": "Endpoint Connection Types",
  "jurisdiction": [
    {
      "coding": [
        {
          "system": "urn:iso:std:iso:3166",
          "code": "US",
          "display": "United States of America"
        }
      ]
    }
  ],
  "compose": {
    "include": [
      {
        "system": "http://terminology.hl7.org/CodeSystem/endpoint-connection-type"
      },
      {
        "system": "http://hl7.org/fhir/us/ndh/CodeSystem/EndpointConnectionTypeCS"
      }
    ]
  }
}