{
  "resourceType": "ValueSet",
  "id": "HealthcareServiceTypeVS",
  "text": {
    "status": "generated",
    "div": "<div xmlns=\"http://www.w3.org/1999/xhtml\"><ul><li>Include these codes as defined in <a href=\"http://terminology.hl7.org/3.1.0/CodeSystem-service-type.html\"><code>http://terminology.hl7.org/CodeSystem/service-type</code></a><table class=\"none\"><tr><td style=\"white-space:nowrap\"><b>Code</b></td><td><b>Display</b></td></tr><tr><td>1</td><td>Adoption/Permanent Care Info/Support</td></tr><tr><td>3</td><td>Aged Care Information/Referral</td></tr><tr><td>8</td><td>Home Care/Housekeeping Assistance</td></tr><tr><td>9</td><td>Home Maintenance and Repair</td></tr><tr><td>10</td><td>Personal Alarms/Alerts</td></tr><tr><td>11</td><td>Personal Care for Older Persons</td></tr><tr><td>21</td><td>Hydrotherapy</td></tr><tr><td>26</td><td>Meditation</td></tr><tr><td>31</td><td>Relaxation Therapy</td></tr><tr><td>33</td><td>Western Herbal Medicine</td></tr><tr><td>34</td><td>Family Day care</td></tr><tr><td>36</td><td>Kindergarten Inclusion Support</td></tr><tr><td>42</td><td>Parenting/Family Support/Education</td></tr><tr><td>51</td><td>Blood Donation</td></tr><tr><td>55</td><td>Health Advocacy/Liaison Service</td></tr><tr><td>67</td><td>Sexual Health</td></tr><tr><td>68</td><td>Speech Pathology/Therapy</td></tr><tr><td>69</td><td>Bereavement Counselling</td></tr><tr><td>70</td><td>Crisis Counselling</td></tr><tr><td>71</td><td>Family Counselling/Therapy</td></tr><tr><td>72</td><td>Family Violence Counselling</td></tr><tr><td>75</td><td>Genetic Counselling</td></tr><tr><td>76</td><td>Health Counselling</td></tr><tr><td>78</td><td>Problem Gambling Counselling</td></tr><tr><td>79</td><td>Relationship Counselling</td></tr><tr><td>80</td><td>Sexual Assault Counselling</td></tr><tr><td>81</td><td>Trauma Counselling</td></tr><tr><td>82</td><td>Victims of Crime Counselling</td></tr><tr><td>96</td><td>Disability Advocacy</td></tr><tr><td>97</td><td>Disability Aids &amp; Equipment</td></tr><tr><td>99</td><td>Disability Day Programs/Activities</td></tr><tr><td>102</td><td>Disability Supported Accommodation</td></tr><tr><td>103</td><td>Early Childhood Intervention</td></tr><tr><td>105</td><td>Drug and/or Alcohol Counselling</td></tr><tr><td>106</td><td>Drug/Alcohol Information/Referral</td></tr><tr><td>107</td><td>Needle &amp; Syringe Exchange</td></tr><tr><td>108</td><td>Non-resid. Alcohol/Drug Treatment</td></tr><tr><td>111</td><td>Residential Alcohol/Drug Treatment</td></tr><tr><td>118</td><td>Employment Placement and/or Support</td></tr><tr><td>119</td><td>Vocational Rehabilitation</td></tr><tr><td>126</td><td>Crisis/Emergency Accommodation</td></tr><tr><td>127</td><td>Homelessness Support</td></tr><tr><td>128</td><td>Housing Information/Referral</td></tr><tr><td>130</td><td>Interpreting/Multilingual Service</td></tr><tr><td>134</td><td>Mental Health Advocacy</td></tr><tr><td>146</td><td>Physical Activity Programs</td></tr><tr><td>147</td><td>Physical Fitness Testing</td></tr><tr><td>224</td><td>Support Groups</td></tr><tr><td>230</td><td>Patient Transport</td></tr><tr><td>233</td><td>Abuse</td></tr><tr><td>238</td><td>Adult Day Programs</td></tr><tr><td>245</td><td>Aids</td></tr><tr><td>275</td><td>Cancer Support</td></tr><tr><td>284</td><td>Child Care</td></tr><tr><td>296</td><td>Companion Visiting</td></tr><tr><td>301</td><td>Contraception Inform</td></tr><tr><td>308</td><td>Crisis Assessment An</td></tr><tr><td>309</td><td>Crisis Assistance</td></tr><tr><td>310</td><td>Crisis Refuge</td></tr><tr><td>316</td><td>Depression</td></tr><tr><td>317</td><td>Detoxification</td></tr><tr><td>323</td><td>Divorce</td></tr><tr><td>328</td><td>Eating Disorder</td></tr><tr><td>331</td><td>Employment And Train</td></tr><tr><td>344</td><td>Food</td></tr><tr><td>345</td><td>Food Vouchers</td></tr><tr><td>352</td><td>Grief Counselling</td></tr><tr><td>366</td><td>Household Items</td></tr><tr><td>400</td><td>Pain</td></tr><tr><td>409</td><td>Postnatal</td></tr><tr><td>411</td><td>Pregnancy Tests</td></tr><tr><td>427</td><td>Rent Assistance</td></tr><tr><td>429</td><td>Residential Respite</td></tr><tr><td>440</td><td>Sexual Issues</td></tr><tr><td>446</td><td>Speech Therapist</td></tr><tr><td>459</td><td>Tenancy Advice</td></tr><tr><td>468</td><td>Vocational Guidance</td></tr><tr><td>470</td><td>Welfare Assistance</td></tr><tr><td>488</td><td>Diabetes Educator</td></tr><tr><td>494</td><td>Youth Services</td></tr><tr><td>495</td><td>Youth Health</td></tr><tr><td>501</td><td>Cancer Services</td></tr><tr><td>513</td><td>Cancer Support Groups</td></tr><tr><td>530</td><td>Disability Care Transport</td></tr><tr><td>531</td><td>Aged Care Transport</td></tr><tr><td>532</td><td>Diabetes Education s</td></tr><tr><td>534</td><td>Young Adult Diabetes</td></tr><tr><td>535</td><td>Pulmonary Rehabilita</td></tr><tr><td>537</td><td>Medication Reviews</td></tr><tr><td>539</td><td>Telephone Help Line</td></tr><tr><td>546</td><td>Veterans Services</td></tr><tr><td>548</td><td>Food Relief/Food/Meals</td></tr><tr><td>552</td><td>Drug and/or Alcohol Support Groups</td></tr><tr><td>554</td><td>Chronic Disease Management</td></tr><tr><td>559</td><td>Women's Health</td></tr><tr><td>560</td><td>Men's Health</td></tr><tr><td>565</td><td>Youth Drop In/Assistance/Support</td></tr><tr><td>569</td><td>Migrant Health Clinic</td></tr><tr><td>570</td><td>Refugee Health Clinic</td></tr><tr><td>571</td><td>Aboriginal Health Clinic</td></tr><tr><td>614</td><td>Development-Life Skills</td></tr><tr><td>628</td><td>Vehicle modifications</td></tr></table></li></ul></div>"
  },
  "url": "http://hl7.org/fhir/us/ndh/ValueSet/HealthcareServiceTypeVS",
  "version": "1.0.0",
  "name": "HealthcareServiceTypeVS",
  "title": "HealthcareService Type Value Set",
  "status": "active",
  "experimental": false,
  "date": "2022-10-20T20:37:10-04:00",
  "publisher": "HL7 International - Patient Administration Work Group",
  "contact": [
    {
      "name": "HL7 International - Patient Administration Work Group",
      "telecom": [
        {
          "system": "url",
          "value": "http://hl7.org/Special/committees/pafm"
        },
        {
          "system": "email",
          "value": "pafm@lists.hl7.org"
        }
      ]
    }
  ],
  "description": "HealthCareService type Value Set",
  "jurisdiction": [
    {
      "coding": [
        {
          "system": "urn:iso:std:iso:3166",
          "code": "US",
          "display": "United States of America"
        }
      ]
    }
  ],
  "compose": {
    "include": [
      {
        "system": "http://terminology.hl7.org/CodeSystem/service-type",
        "concept": [
          {
            "code": "1",
            "display": "Adoption/Permanent Care Info/Support"
          },
          {
            "code": "3",
            "display": "Aged Care Information/Referral"
          },
          {
            "code": "8",
            "display": "Home Care/Housekeeping Assistance"
          },
          {
            "code": "9",
            "display": "Home Maintenance and Repair"
          },
          {
            "code": "10",
            "display": "Personal Alarms/Alerts"
          },
          {
            "code": "11",
            "display": "Personal Care for Older Persons"
          },
          {
            "code": "21",
            "display": "Hydrotherapy"
          },
          {
            "code": "26",
            "display": "Meditation"
          },
          {
            "code": "31",
            "display": "Relaxation Therapy"
          },
          {
            "code": "33",
            "display": "Western Herbal Medicine"
          },
          {
            "code": "34",
            "display": "Family Day care"
          },
          {
            "code": "36",
            "display": "Kindergarten Inclusion Support"
          },
          {
            "code": "42",
            "display": "Parenting/Family Support/Education"
          },
          {
            "code": "51",
            "display": "Blood Donation"
          },
          {
            "code": "55",
            "display": "Health Advocacy/Liaison Service"
          },
          {
            "code": "67",
            "display": "Sexual Health"
          },
          {
            "code": "68",
            "display": "Speech Pathology/Therapy"
          },
          {
            "code": "69",
            "display": "Bereavement Counselling"
          },
          {
            "code": "70",
            "display": "Crisis Counselling"
          },
          {
            "code": "71",
            "display": "Family Counselling/Therapy"
          },
          {
            "code": "72",
            "display": "Family Violence Counselling"
          },
          {
            "code": "75",
            "display": "Genetic Counselling"
          },
          {
            "code": "76",
            "display": "Health Counselling"
          },
          {
            "code": "78",
            "display": "Problem Gambling Counselling"
          },
          {
            "code": "79",
            "display": "Relationship Counselling"
          },
          {
            "code": "80",
            "display": "Sexual Assault Counselling"
          },
          {
            "code": "81",
            "display": "Trauma Counselling"
          },
          {
            "code": "82",
            "display": "Victims of Crime Counselling"
          },
          {
            "code": "96",
            "display": "Disability Advocacy"
          },
          {
            "code": "97",
            "display": "Disability Aids & Equipment"
          },
          {
            "code": "99",
            "display": "Disability Day Programs/Activities"
          },
          {
            "code": "102",
            "display": "Disability Supported Accommodation"
          },
          {
            "code": "103",
            "display": "Early Childhood Intervention"
          },
          {
            "code": "105",
            "display": "Drug and/or Alcohol Counselling"
          },
          {
            "code": "106",
            "display": "Drug/Alcohol Information/Referral"
          },
          {
            "code": "107",
            "display": "Needle & Syringe Exchange"
          },
          {
            "code": "108",
            "display": "Non-resid. Alcohol/Drug Treatment"
          },
          {
            "code": "111",
            "display": "Residential Alcohol/Drug Treatment"
          },
          {
            "code": "118",
            "display": "Employment Placement and/or Support"
          },
          {
            "code": "119",
            "display": "Vocational Rehabilitation"
          },
          {
            "code": "126",
            "display": "Crisis/Emergency Accommodation"
          },
          {
            "code": "127",
            "display": "Homelessness Support"
          },
          {
            "code": "128",
            "display": "Housing Information/Referral"
          },
          {
            "code": "130",
            "display": "Interpreting/Multilingual Service"
          },
          {
            "code": "134",
            "display": "Mental Health Advocacy"
          },
          {
            "code": "146",
            "display": "Physical Activity Programs"
          },
          {
            "code": "147",
            "display": "Physical Fitness Testing"
          },
          {
            "code": "224",
            "display": "Support Groups"
          },
          {
            "code": "230",
            "display": "Patient Transport"
          },
          {
            "code": "233",
            "display": "Abuse"
          },
          {
            "code": "238",
            "display": "Adult Day Programs"
          },
          {
            "code": "245",
            "display": "Aids"
          },
          {
            "code": "275",
            "display": "Cancer Support"
          },
          {
            "code": "284",
            "display": "Child Care"
          },
          {
            "code": "296",
            "display": "Companion Visiting"
          },
          {
            "code": "301",
            "display": "Contraception Inform"
          },
          {
            "code": "308",
            "display": "Crisis Assessment An"
          },
          {
            "code": "309",
            "display": "Crisis Assistance"
          },
          {
            "code": "310",
            "display": "Crisis Refuge"
          },
          {
            "code": "316",
            "display": "Depression"
          },
          {
            "code": "317",
            "display": "Detoxification"
          },
          {
            "code": "323",
            "display": "Divorce"
          },
          {
            "code": "328",
            "display": "Eating Disorder"
          },
          {
            "code": "331",
            "display": "Employment And Train"
          },
          {
            "code": "344",
            "display": "Food"
          },
          {
            "code": "345",
            "display": "Food Vouchers"
          },
          {
            "code": "352",
            "display": "Grief Counselling"
          },
          {
            "code": "366",
            "display": "Household Items"
          },
          {
            "code": "400",
            "display": "Pain"
          },
          {
            "code": "409",
            "display": "Postnatal"
          },
          {
            "code": "411",
            "display": "Pregnancy Tests"
          },
          {
            "code": "427",
            "display": "Rent Assistance"
          },
          {
            "code": "429",
            "display": "Residential Respite"
          },
          {
            "code": "440",
            "display": "Sexual Issues"
          },
          {
            "code": "446",
            "display": "Speech Therapist"
          },
          {
            "code": "459",
            "display": "Tenancy Advice"
          },
          {
            "code": "468",
            "display": "Vocational Guidance"
          },
          {
            "code": "470",
            "display": "Welfare Assistance"
          },
          {
            "code": "488",
            "display": "Diabetes Educator"
          },
          {
            "code": "494",
            "display": "Youth Services"
          },
          {
            "code": "495",
            "display": "Youth Health"
          },
          {
            "code": "501",
            "display": "Cancer Services"
          },
          {
            "code": "513",
            "display": "Cancer Support Groups"
          },
          {
            "code": "530",
            "display": "Disability Care Transport"
          },
          {
            "code": "531",
            "display": "Aged Care Transport"
          },
          {
            "code": "532",
            "display": "Diabetes Education s"
          },
          {
            "code": "534",
            "display": "Young Adult Diabetes"
          },
          {
            "code": "535",
            "display": "Pulmonary Rehabilita"
          },
          {
            "code": "537",
            "display": "Medication Reviews"
          },
          {
            "code": "539",
            "display": "Telephone Help Line"
          },
          {
            "code": "546",
            "display": "Veterans Services"
          },
          {
            "code": "548",
            "display": "Food Relief/Food/Meals"
          },
          {
            "code": "552",
            "display": "Drug and/or Alcohol Support Groups"
          },
          {
            "code": "554",
            "display": "Chronic Disease Management"
          },
          {
            "code": "559",
            "display": "Women's Health"
          },
          {
            "code": "560",
            "display": "Men's Health"
          },
          {
            "code": "565",
            "display": "Youth Drop In/Assistance/Support"
          },
          {
            "code": "569",
            "display": "Migrant Health Clinic"
          },
          {
            "code": "570",
            "display": "Refugee Health Clinic"
          },
          {
            "code": "571",
            "display": "Aboriginal Health Clinic"
          },
          {
            "code": "614",
            "display": "Development-Life Skills"
          },
          {
            "code": "628",
            "display": "Vehicle modifications"
          }
        ]
      }
    ]
  }
}