{
  "resourceType": "ValueSet",
  "id": "MinEndpointConnectionTypeVS",
  "text": {
    "status": "extensions",
    "div": "<div xmlns=\"http://www.w3.org/1999/xhtml\"><p>This value set includes codes based on the following rules:</p><ul><li>Include these codes as defined in <a href=\"http://terminology.hl7.org/4.0.0/CodeSystem-endpoint-connection-type.html\"><code>http://terminology.hl7.org/CodeSystem/endpoint-connection-type</code></a><table class=\"none\"><tr><td style=\"white-space:nowrap\"><b>Code</b></td><td><b>Display</b></td><td><b>Definition</b></td></tr><tr><td><a href=\"http://terminology.hl7.org/4.0.0/CodeSystem-endpoint-connection-type.html#endpoint-connection-type-hl7-fhir-rest\">hl7-fhir-rest</a></td><td>HL7 FHIR</td><td>Interact with the server interface using FHIR's RESTful interface. For details on its version/capabilities you should connect the value in Endpoint.address and retrieve the FHIR CapabilityStatement.</td></tr><tr><td><a href=\"http://terminology.hl7.org/4.0.0/CodeSystem-endpoint-connection-type.html#endpoint-connection-type-hl7-fhir-msg\">hl7-fhir-msg</a></td><td>HL7 FHIR Messaging</td><td>Use the servers FHIR Messaging interface. Details can be found on the messaging.html page in the FHIR Specification. The FHIR server's base address is specified in the Endpoint.address property.</td></tr><tr><td><a href=\"http://terminology.hl7.org/4.0.0/CodeSystem-endpoint-connection-type.html#endpoint-connection-type-direct-project\">direct-project</a></td><td>Direct Project</td><td>Direct Project information - http://wiki.directproject.org/</td></tr></table></li><li>Include these codes as defined in <a href=\"CodeSystem-EndpointConnectionTypeCS.html\"><code>http://hl7.org/fhir/us/ndh/CodeSystem/EndpointConnectionTypeCS</code></a><table class=\"none\"><tr><td style=\"white-space:nowrap\"><b>Code</b></td><td><b>Display</b></td><td><b>Definition</b></td></tr><tr><td><a href=\"CodeSystem-EndpointConnectionTypeCS.html#EndpointConnectionTypeCS-hl7-fhir-opn\">hl7-fhir-opn</a></td><td>HL7 FHIR Operation</td><td>Interact with a FHIR server interface using FHIR's RESTful interface using an operation other than messaging. For details on its version/capabilities you should connect the value in Endpoint.address and retrieve the FHIR CapabilityStatement.</td></tr><tr><td><a href=\"CodeSystem-EndpointConnectionTypeCS.html#EndpointConnectionTypeCS-rest-non-fhir\">rest-non-fhir</a></td><td>REST (not FHIR)</td><td>Interact with a server using HTTP/REST but not FHIR.  Should be used for web portals.</td></tr></table></li></ul></div>"
  },
  "url": "http://hl7.org/fhir/us/ndh/ValueSet/MinEndpointConnectionTypeVS",
  "version": "1.0.0",
  "name": "MinEndpointConnectionTypeVS",
  "title": "Minimum Endpoint Connection Types Value Set",
  "status": "active",
  "experimental": false,
  "date": "2022-11-04T11:24:16-04:00",
  "publisher": "HL7 International - Patient Administration Work Group",
  "contact": [
    {
      "name": "HL7 International - Patient Administration Work Group",
      "telecom": [
        {
          "system": "url",
          "value": "http://hl7.org/Special/committees/pafm"
        },
        {
          "system": "email",
          "value": "pafm@lists.hl7.org"
        }
      ]
    }
  ],
  "description": "Minimum Endpoint Connection Types",
  "jurisdiction": [
    {
      "coding": [
        {
          "system": "urn:iso:std:iso:3166",
          "code": "US",
          "display": "United States of America"
        }
      ]
    }
  ],
  "compose": {
    "include": [
      {
        "system": "http://terminology.hl7.org/CodeSystem/endpoint-connection-type",
        "concept": [
          {
            "code": "hl7-fhir-rest",
            "display": "HL7 FHIR"
          },
          {
            "code": "hl7-fhir-msg",
            "display": "HL7 FHIR Messaging"
          },
          {
            "code": "direct-project",
            "display": "Direct Project"
          }
        ]
      },
      {
        "system": "http://hl7.org/fhir/us/ndh/CodeSystem/EndpointConnectionTypeCS",
        "concept": [
          {
            "code": "hl7-fhir-opn",
            "display": "HL7 FHIR Operation"
          },
          {
            "code": "rest-non-fhir",
            "display": "REST (not FHIR)"
          }
        ]
      }
    ]
  }
}