{
  "resourceType": "ValueSet",
  "id": "QualificationStatusVS",
  "text": {
    "status": "generated",
    "div": "<div xmlns=\"http://www.w3.org/1999/xhtml\"><ul><li>Include all codes defined in <a href=\"CodeSystem-QualificationStatusCS.html\"><code>http://hl7.org/fhir/us/ndh/CodeSystem/QualificationStatusCS</code></a></li></ul></div>"
  },
  "url": "http://hl7.org/fhir/us/ndh/ValueSet/QualificationStatusVS",
  "version": "1.0.0",
  "name": "QualificationStatusVS",
  "title": "Qualification Status Value Set",
  "status": "active",
  "experimental": false,
  "date": "2022-10-20T20:37:10-04:00",
  "publisher": "HL7 International - Patient Administration Work Group",
  "contact": [
    {
      "name": "HL7 International - Patient Administration Work Group",
      "telecom": [
        {
          "system": "url",
          "value": "http://hl7.org/Special/committees/pafm"
        },
        {
          "system": "email",
          "value": "pafm@lists.hl7.org"
        }
      ]
    }
  ],
  "description": "The state indicating if a qualification is currently valid.",
  "jurisdiction": [
    {
      "coding": [
        {
          "system": "urn:iso:std:iso:3166",
          "code": "US",
          "display": "United States of America"
        }
      ]
    }
  ],
  "compose": {
    "include": [
      {
        "system": "http://hl7.org/fhir/us/ndh/CodeSystem/QualificationStatusCS"
      }
    ]
  }
}