{
  "resourceType": "ValueSet",
  "id": "EndpointPayloadTypeVS",
  "text": {
    "status": "extensions",
    "div": "<div xmlns=\"http://www.w3.org/1999/xhtml\"><ul><li>Include these codes as defined in <a href=\"CodeSystem-EndpointPayloadTypeCS.html\"><code>http://hl7.org/fhir/us/ndh/CodeSystem/EndpointPayloadTypeCS</code></a><table class=\"none\"><tr><td style=\"white-space:nowrap\"><b>Code</b></td><td><b>Display</b></td><td><b>Definition</b></td></tr><tr><td><a href=\"CodeSystem-EndpointPayloadTypeCS.html#EndpointPayloadTypeCS-NA\">NA</a></td><td>Not Applicable</td><td>Not Applicable</td></tr></table></li></ul></div>"
  },
  "url": "http://hl7.org/fhir/us/ndh/ValueSet/EndpointPayloadTypeVS",
  "version": "1.0.0",
  "name": "EndpointPayloadTypeVS",
  "title": "Endpoint Payload Type Value Set",
  "status": "active",
  "experimental": false,
  "date": "2022-10-20T20:37:10-04:00",
  "publisher": "HL7 International - Patient Administration Work Group",
  "contact": [
    {
      "name": "HL7 International - Patient Administration Work Group",
      "telecom": [
        {
          "system": "url",
          "value": "http://hl7.org/Special/committees/pafm"
        },
        {
          "system": "email",
          "value": "pafm@lists.hl7.org"
        }
      ]
    }
  ],
  "description": "Endpoint Payload Types are constrained to NA (Not Applicable) as part of this IG",
  "jurisdiction": [
    {
      "coding": [
        {
          "system": "urn:iso:std:iso:3166",
          "code": "US",
          "display": "United States of America"
        }
      ]
    }
  ],
  "compose": {
    "include": [
      {
        "system": "http://hl7.org/fhir/us/ndh/CodeSystem/EndpointPayloadTypeCS",
        "concept": [
          {
            "code": "NA",
            "display": "Not Applicable"
          }
        ]
      }
    ]
  }
}