{
  "resourceType": "ValueSet",
  "id": "PractitionerRoleVS",
  "text": {
    "status": "generated",
    "div": "<div xmlns=\"http://www.w3.org/1999/xhtml\"><p>This value set includes codes based on the following rules:</p><ul><li>Include all codes defined in <a href=\"CodeSystem-ProviderRoleCS.html\"><code>http://hl7.org/fhir/us/ndh/CodeSystem/ProviderRoleCS</code></a></li><li>Include all codes defined in <a href=\"http://terminology.hl7.org/3.1.0/CodeSystem-practitioner-role.html\"><code>http://terminology.hl7.org/CodeSystem/practitioner-role</code></a></li></ul></div>"
  },
  "url": "http://hl7.org/fhir/us/ndh/ValueSet/PractitionerRoleVS",
  "version": "1.0.0",
  "name": "PractitionerRoleVS",
  "title": "PractitionerRole Code Value Set",
  "status": "active",
  "experimental": false,
  "date": "2022-10-20T20:37:10-04:00",
  "publisher": "HL7 International - Patient Administration Work Group",
  "contact": [
    {
      "name": "HL7 International - Patient Administration Work Group",
      "telecom": [
        {
          "system": "url",
          "value": "http://hl7.org/Special/committees/pafm"
        },
        {
          "system": "email",
          "value": "pafm@lists.hl7.org"
        }
      ]
    }
  ],
  "description": "Codes for the capabilities that an individual, group, or organization is acknowledged to have in a payer network, including general codes from the HL7 PractitionerRole Code System",
  "jurisdiction": [
    {
      "coding": [
        {
          "system": "urn:iso:std:iso:3166",
          "code": "US",
          "display": "United States of America"
        }
      ]
    }
  ],
  "compose": {
    "include": [
      {
        "system": "http://hl7.org/fhir/us/ndh/CodeSystem/ProviderRoleCS"
      },
      {
        "system": "http://terminology.hl7.org/CodeSystem/practitioner-role"
      }
    ]
  }
}