{
  "resourceType": "ValueSet",
  "id": "DeliveryMethodVS",
  "text": {
    "status": "generated",
    "div": "<div xmlns=\"http://www.w3.org/1999/xhtml\"><ul><li>Include all codes defined in <a href=\"CodeSystem-DeliveryMethodCS.html\"><code>http://hl7.org/fhir/us/ndh/CodeSystem/DeliveryMethodCS</code></a></li></ul></div>"
  },
  "url": "http://hl7.org/fhir/us/ndh/ValueSet/DeliveryMethodVS",
  "version": "1.0.0",
  "name": "DeliveryMethodVS",
  "title": "Delivery Methods Value Set",
  "status": "active",
  "experimental": false,
  "date": "2022-11-04T11:24:16-04:00",
  "publisher": "HL7 International - Patient Administration Work Group",
  "contact": [
    {
      "name": "HL7 International - Patient Administration Work Group",
      "telecom": [
        {
          "system": "url",
          "value": "http://hl7.org/Special/committees/pafm"
        },
        {
          "system": "email",
          "value": "pafm@lists.hl7.org"
        }
      ]
    }
  ],
  "description": "Codes for documenting delivery methods",
  "jurisdiction": [
    {
      "coding": [
        {
          "system": "urn:iso:std:iso:3166",
          "code": "US",
          "display": "United States of America"
        }
      ]
    }
  ],
  "compose": {
    "include": [
      {
        "system": "http://hl7.org/fhir/us/ndh/CodeSystem/DeliveryMethodCS"
      }
    ]
  }
}